1,49077,-1,118
2,49182,-2,114
3,49161,-3,123
4,49140,-4,117
5,49392,-5,120
6,49182,-6,128
7,49182,-7,126
8,49056,-8,115
9,49182,-9,124
10,49190,-10,116
11,49287,-11,121
12,49077,-12,111
13,49182,-13,129
14,49172,-14,132
15,49161,-15,125
16,49266,-16,125
17,49182,-17,111
18,50602,-18,118
19,49140,-19,118
20,49182,-20,127
21,49182,-21,120
22,49182,-22,119
23,49182,-23,119
24,49350,-24,119
25,49308,-25,113
26,49014,-26,123
27,49098,-27,117
28,49203,-28,133
29,49192,-29,117
30,49014,-30,116
31,49182,-31,118
32,49170,-32,119
33,49192,-33,120
34,49182,-34,119
35,49392,-35,126
36,49140,-36,119
37,49182,-37,117
38,49182,-38,121
39,49182,-39,124
40,49308,-40,118
41,49266,-41,126
42,49182,-42,130
43,49182,-43,120
44,49182,-44,111
45,49182,-45,116
46,49035,-46,119
47,49203,-47,122
48,49191,-48,118
49,49056,-49,115
50,49098,-50,117
51,49182,-51,125
52,49182,-52,112
53,49014,-53,118
54,49203,-54,124
55,49140,-55,123
56,48993,-56,117
57,49266,-57,121
58,49098,-58,114
59,49350,-59,130
60,48993,-60,124
61,49182,-61,116
62,49182,-62,122
63,48993,-63,121
64,49182,-64,121
65,49182,-65,117
66,49182,-66,111
67,49203,-67,117
68,49182,-68,120
69,49182,-69,121
70,49182,-70,122
71,49306,-71,122
72,49182,-72,118
73,49098,-73,117
74,49203,-74,123
75,49182,-75,121
76,49182,-76,115
77,49182,-77,118
78,49182,-78,118
79,49182,-79,116
80,49182,-80,121
81,49182,-81,126
82,49182,-82,120
83,49077,-83,115
84,49161,-84,121
85,48972,-85,123
86,49182,-86,115
87,49161,-87,119
88,49266,-88,123
89,49182,-89,114
90,49182,-90,123
91,49182,-91,129
92,49224,-92,129
93,49350,-93,119
94,49329,-94,127
95,49287,-95,119
96,49161,-96,123
97,49161,-97,127
98,49182,-98,124
99,49245,-99,131
100,49182,-100,117
101,49266,-101,130
102,49182,-102,127
103,49182,-103,134
104,49203,-104,130
105,49182,-105,128
106,49182,-106,121
107,49182,-107,121
108,49182,-108,121
109,49203,-109,118
110,49056,-110,124
111,49182,-111,114
112,49245,-112,124
113,49148,-113,118
114,49161,-114,130
115,49182,-115,120
116,49182,-116,118
117,48993,-117,113
118,49287,-118,123
119,49350,-119,124
120,49182,-120,122
121,49119,-121,125
122,49182,-122,121
123,49182,-123,118
124,49182,-124,127
125,49392,-125,120
126,49077,-126,122
127,49383,-127,121
128,49187,-128,111
129,49287,-129,126
130,49190,-130,129
131,49182,-131,111
132,49182,-132,121
133,42252,-133,127
134,49182,-134,121
135,49329,-135,114
136,49392,-136,120
137,49182,-137,124
138,49182,-138,117
139,49098,-139,115
140,49371,-140,120
141,49182,-141,120
142,49161,-142,123
143,49329,-143,128
144,49182,-144,122
145,49134,-145,118
146,49371,-146,125
147,49371,-147,126
148,49035,-148,122
149,49182,-149,123
150,49182,-150,121
151,49187,-151,122
152,49182,-152,118
153,49077,-153,122
154,49182,-154,126
155,49035,-155,123
156,49182,-156,120
157,49182,-157,125
158,49182,-158,119
159,49350,-159,125
160,49182,-160,123
161,49182,-161,123
162,49182,-162,124
163,49182,-163,117
164,49308,-164,125
165,49098,-165,121
166,49140,-166,115
167,49350,-167,116
168,49329,-168,122
169,49161,-169,118
170,49371,-170,118
171,49182,-171,127
172,49056,-172,125
173,49182,-173,129
174,49140,-174,123
175,49119,-175,124
176,49119,-176,121
177,49056,-177,119
178,49287,-178,120
179,49308,-179,123
180,49182,-180,124
181,49182,-181,120
182,49413,-182,127
183,49182,-183,121
184,49035,-184,123
185,48993,-185,119
186,49182,-186,121
187,49224,-187,121
188,49392,-188,125
189,49253,-189,116
190,49182,-190,122
191,48951,-191,117
192,49203,-192,119
193,49056,-193,117
194,49182,-194,109
195,49203,-195,116
196,49182,-196,121
197,49161,-197,120
198,49182,-198,123
199,49329,-199,124
200,49182,-200,116
201,49392,-201,130
202,56070,-202,120
203,49203,-203,119
204,49224,-204,123
205,49182,-205,114
206,49182,-206,113
207,49203,-207,127
208,49182,-208,116
209,49035,-209,116
210,49161,-210,127
211,49203,-211,128
212,49182,-212,123
213,49182,-213,130
214,49350,-214,125
215,49329,-215,122
216,49182,-216,116
217,49212,-217,113
218,49182,-218,114
219,49602,-219,122
220,49182,-220,116
221,49162,-221,121
222,49182,-222,130
223,49350,-223,126
224,49182,-224,117
225,49161,-225,119
226,49187,-226,120
227,49182,-227,122
228,49308,-228,128
229,49182,-229,114
230,49119,-230,127
231,49161,-231,120
232,49182,-232,109
233,49077,-233,114
234,49182,-234,113
235,49182,-235,126
236,49182,-236,122
237,49603,-237,119
238,49182,-238,124
239,49182,-239,126
240,49371,-240,122
241,49182,-241,121
242,49035,-242,121
243,49182,-243,126
244,49182,-244,118
245,49182,-245,120
246,49182,-246,127
247,49224,-247,129
248,49180,-248,120
249,49014,-249,121
250,49182,-250,122
251,49182,-251,116
252,49202,-252,124
253,49182,-253,119
254,48993,-254,123
255,49182,-255,118
256,49203,-256,126
257,49035,-257,120
258,49182,-258,121
259,49085,-259,128
260,55839,-260,119
261,49035,-261,120
262,49182,-262,122
263,49182,-263,130
264,49266,-264,125
265,49182,-265,111
266,49182,-266,124
267,49266,-267,117
268,49182,-268,123
269,49161,-269,120
270,49182,-270,127
271,49224,-271,122
272,49182,-272,118
273,49182,-273,121
274,49182,-274,119
275,49077,-275,119
276,49308,-276,119
277,49329,-277,121
278,49182,-278,118
279,49182,-279,122
280,49182,-280,125
281,49287,-281,124
282,49203,-282,117
283,49182,-283,119
284,49329,-284,119
285,49392,-285,124
286,49287,-286,113
287,49183,-287,121
288,49014,-288,123
289,48888,-289,115
290,49119,-290,120
291,49182,-291,116
292,49182,-292,121
293,49182,-293,122
294,49182,-294,118
295,48972,-295,129
296,49308,-296,122
297,49119,-297,121
298,49182,-298,123
299,49162,-299,113
300,49119,-300,127
301,49350,-301,107
302,42252,-302,144
303,49182,-303,118
304,49182,-304,119
305,49056,-305,160
306,49350,-306,88
307,48426,-307,170
308,21000000,-308,69
309,49182,-309,177
310,49182,-310,66
311,49035,-311,104
312,49085,-312,144
313,49182,-313,154
314,49203,-314,90
315,49182,-315,219
316,21000000,-316,18
317,49182,-317,166
318,49308,-318,69
319,49077,-319,96
320,55839,-320,145
321,49287,-321,86
322,49182,-322,160
323,48951,-323,142
324,49077,-324,86
325,49182,-325,179
326,49182,-326,62
327,49182,-327,170
328,49035,-328,69
329,49392,-329,155
330,49308,-330,92
331,49182,-331,80
332,49182,-332,168
333,49329,-333,178
334,49182,-334,70
335,49182,-335,128
336,49371,-336,120
337,42252,-337,102
338,49182,-338,141
339,49161,-339,109
340,49182,-340,126
341,49182,-341,130
342,49182,-342,112
343,49182,-343,153
344,49182,-344,79
345,49161,-345,33
346,49182,-346,214
347,49077,-347,155
348,49191,-348,93
349,48972,-349,79
350,49119,-350,166
351,49035,-351,106
352,49350,-352,136
353,49182,-353,173
354,49140,-354,64
355,48972,-355,67
356,49182,-356,188
357,49182,-357,108
358,49329,-358,129
359,49329,-359,14
360,49182,-360,229
361,49329,-361,167
362,49266,-362,77
363,49077,-363,137
364,42252,-364,78
365,49161,-365,48
366,49077,-366,197
367,49203,-367,79
368,49182,-368,131
369,49161,-369,124
370,49182,-370,125
371,49202,-371,205
372,49182,-372,48
373,49182,-373,155
374,49192,-374,88
375,49350,-375,134
376,49182,-376,111
377,49182,-377,202
378,49182,-378,130
379,49182,-379,148
380,49182,-380,202
381,49035,-381,117
382,49182,-382,71
383,49182,-383,72
384,49287,-384,168
385,49077,-385,20
386,49203,-386,224
387,49182,-387,136
388,49182,-388,93
389,49266,-389,279
390,49182,-390,66
391,49194,-391,82
392,49182,-392,125
393,49329,-393,118
394,48972,-394,126
395,49392,-395,189
396,49182,-396,55
397,49266,-397,36
398,49182,-398,168
399,49161,-399,47
400,49203,-400,243
401,49308,-401,107
402,49182,-402,80
403,49182,-403,198
404,49192,-404,55
405,42111,-405,131
406,49182,-406,97
407,49182,-407,119
408,49182,-408,121
409,49161,-409,92
410,49192,-410,157
411,49182,-411,118
412,49161,-412,135
413,49308,-413,30
414,49182,-414,216
415,49266,-415,179
416,48993,-416,67
417,49170,-417,19
418,49161,-418,135
419,49182,-419,108
420,49182,-420,141
421,48993,-421,148
422,49203,-422,208
423,49188,-423,145
424,49182,-424,166
425,49182,-425,111
426,56112,-426,90
427,49329,-427,183
428,49182,-428,61
429,49077,-429,130
430,49182,-430,57
431,49140,-431,85
432,49140,-432,152
433,49119,-433,111
434,49182,-434,132
435,49182,-435,163
436,49014,-436,91
437,49182,-437,89
438,49770,-438,154
439,49182,-439,126
440,49182,-440,105
441,49350,-441,31
442,49098,-442,173
443,49182,-443,211
444,49182,-444,24
445,49182,-445,35
446,49077,-446,198
447,49014,-447,204
448,49182,-448,35
449,49182,-449,177
450,49077,-450,62
451,49077,-451,67
452,49182,-452,116
453,49161,-453,128
454,49253,-454,109
455,49182,-455,149
456,48993,-456,122
457,49203,-457,197
458,49308,-458,102
459,49077,-459,187
460,49182,-460,177
461,49287,-461,168
462,49182,-462,40
463,30900,-463,70
464,49182,-464,186
465,49182,-465,32
466,49056,-466,133
467,49350,-467,129
468,49182,-468,103
469,49056,-469,146
470,49098,-470,150
471,49161,-471,69
472,49056,-472,184
473,49182,-473,56
474,49035,-474,201
475,49182,-475,129
476,49203,-476,46
477,49203,-477,99
478,49342,-478,140
479,49077,-479,56
480,49182,-480,43
481,49182,-481,246
482,49077,-482,69
483,49182,-483,224
484,42273,-484,95
485,49161,-485,54
486,49253,-486,189
487,49182,-487,91
488,49182,-488,100
489,49308,-489,129
490,49182,-490,128
491,49182,-491,130
492,166992,-492,29
493,49182,-493,131
494,49161,-494,41
495,42315,-495,16
496,49182,-496,75
497,49182,-497,135
498,49182,-498,93
499,89680,-499,114
500,48909,-500,62
501,49056,-501,57
502,49182,-502,123
503,49203,-503,206
504,49182,-504,81
505,49203,-505,129
506,49182,-506,116
507,49182,-507,157
508,49161,-508,90
509,49182,-509,75
510,49182,-510,164
511,49182,-511,92
512,49182,-512,145
513,49192,-513,17
514,49182,-514,171
515,49182,-515,126
516,49182,-516,78
517,49203,-517,125
518,49266,-518,130
519,49182,-519,177
520,48972,-520,76
521,49182,-521,197
522,49182,-522,50
523,49203,-523,149
524,49119,-524,90
525,49161,-525,54
526,49182,-526,58
527,49182,-527,62
528,49098,-528,89
529,49329,-529,42
530,49161,-530,22
531,49182,-531,185
532,49329,-532,85
533,48993,-533,218
534,49350,-534,25
535,49182,-535,126
536,49182,-536,159
537,49098,-537,78
538,49182,-538,156
539,42252,-539,152
540,49203,-540,119
541,21000000,-541,41
542,49077,-542,82
543,49224,-543,137
544,49182,-544,97
545,49182,-545,83
546,49182,-546,164
547,49392,-547,55
548,49182,-548,180
549,49371,-549,123
550,49308,-550,118
551,48993,-551,117
552,49182,-552,94
553,49056,-553,40
554,49203,-554,155
555,49392,-555,156
556,49161,-556,90
557,49169,-557,153
558,49182,-558,85
559,49287,-559,163
560,49182,-560,130
561,49182,-561,161
562,49152,-562,77
563,49182,-563,62
564,49182,-564,215
565,49182,-565,190
566,49035,-566,39
567,49119,-567,136
568,49119,-568,95
569,49182,-569,167
570,49182,-570,110
571,49161,-571,199
572,49182,-572,76
573,49350,-573,59
574,49182,-574,160
575,49182,-575,42
576,49182,-576,159
577,49098,-577,55
578,49191,-578,146
579,49182,-579,75
580,49014,-580,86
581,49182,-581,100
582,49329,-582,107
583,49182,-583,142
584,49056,-584,102
585,49161,-585,42
586,49161,-586,138
587,49245,-587,54
588,49287,-588,196
589,49172,-589,167
590,49182,-590,128
591,47502,-591,93
592,38374,-592,178
593,49182,-593,23
594,49119,-594,83
595,49182,-595,93
596,49350,-596,90
597,42252,-597,91
598,48993,-598,153
599,49224,-599,16
600,49014,-600,98
601,49182,-601,1
602,49077,-602,136
603,49182,-603,141
604,49182,-604,97
605,49308,-605,158
606,49182,-606,79
607,49182,-607,65
608,49287,-608,140
609,49182,-609,68
610,48993,-610,172
611,49182,-611,159
612,49161,-612,56
613,49182,-613,149
614,49266,-614,84
615,21000000,-615,60
616,49266,-616,143
617,42273,-617,61
618,49245,-618,87
619,49182,-619,241
620,49287,-620,119
621,49182,-621,170
622,49119,-622,71
623,49098,-623,50
624,49182,-624,65
625,49182,-625,92
626,49182,-626,168
627,49182,-627,42
628,48841,-628,85
629,48594,-629,265
630,21000000,-630,7
631,49413,-631,31
632,49182,-632,230
633,49266,-633,97
634,49182,-634,101
635,49098,-635,95
636,42252,-636,103
637,49182,-637,88
638,49182,-638,99
639,49182,-639,65
640,49182,-640,207
641,49203,-641,67
642,49098,-642,123
643,49182,-643,95
644,49182,-644,126
645,42357,-645,57
646,49182,-646,144
647,49182,-647,180
648,49056,-648,98
649,49191,-649,186
650,49182,-650,30
651,49077,-651,128
652,49266,-652,71
653,49161,-653,127
654,49182,-654,63
655,49182,-655,32
656,48841,-656,172
657,49014,-657,244
658,49413,-658,60
659,49035,-659,59
660,49182,-660,180
661,49098,-661,105
662,49077,-662,170
663,49182,-663,66
664,49266,-664,163
665,48909,-665,61
666,49182,-666,120
667,49182,-667,117
668,49182,-668,96
669,49182,-669,156
670,49182,-670,55
671,49182,-671,191
672,49287,-672,47
673,49191,-673,149
674,49266,-674,159
675,51492,-675,28
676,49192,-676,78
677,49182,-677,161
678,49182,-678,67
679,49203,-679,55
680,49182,-680,83
681,49014,-681,133
682,49182,-682,47
683,49161,-683,146
684,49182,-684,92
685,49182,-685,60
686,49077,-686,98
687,49182,-687,98
688,49192,-688,108
689,49182,-689,223
690,49182,-690,25
691,49182,-691,18
692,214129,-692,122
693,49182,-693,115
694,49203,-694,171
695,49182,-695,90
696,48993,-696,28
697,49077,-697,167
698,49287,-698,27
699,49161,-699,126
700,49392,-700,62
701,49182,-701,125
702,42252,-702,117
703,49371,-703,121
704,49182,-704,126
705,49350,-705,119
706,49287,-706,127
707,49182,-707,118
708,49185,-708,121
709,49182,-709,114
710,49287,-710,119
711,49182,-711,114
712,49056,-712,121
713,49035,-713,124
714,49182,-714,121
715,49070,-715,117
716,49329,-716,119
717,49098,-717,113
718,49182,-718,115
719,49182,-719,127
720,49182,-720,119
721,49119,-721,114
722,49161,-722,117
723,49056,-723,119
724,49392,-724,120
725,49245,-725,118
726,49182,-726,116
727,49185,-727,116
728,49392,-728,116
729,49203,-729,128
730,49203,-730,129
731,49175,-731,119
732,49161,-732,132
733,49182,-733,116
734,49266,-734,125
735,49182,-735,112
736,49182,-736,128
737,49182,-737,118
738,49182,-738,124
739,49266,-739,126
740,49308,-740,120
741,49182,-741,116
742,49056,-742,120
743,49350,-743,122
744,49413,-744,115
745,49182,-745,126
746,49203,-746,126
747,49182,-747,121
748,49203,-748,123
749,49203,-749,128
750,49371,-750,122
751,49182,-751,113
752,49141,-752,124
753,49329,-753,125
754,49182,-754,131
755,49182,-755,119
756,49192,-756,126
757,49182,-757,116
758,49098,-758,120
759,49182,-759,118
760,49182,-760,119
761,49266,-761,115
762,49182,-762,113
763,49203,-763,116
764,49182,-764,115
765,49287,-765,119
766,49182,-766,127
767,49182,-767,122
768,90636,-768,134
769,49056,-769,114
770,49162,-770,120
771,49182,-771,130
772,49182,-772,120
773,49140,-773,120
774,298662,-774,122
775,48993,-775,122
776,50316,-776,115
777,49182,-777,114
778,49161,-778,117
779,49308,-779,126
780,49224,-780,116
781,49182,-781,124
782,49308,-782,122
783,49182,-783,131
784,49182,-784,125
785,49329,-785,131
786,49203,-786,131
787,49182,-787,125
788,49182,-788,119
789,49308,-789,120
790,49182,-790,118
791,49287,-791,117
792,47712,-792,113
793,49182,-793,118
794,49203,-794,127
795,49182,-795,117
796,49350,-796,122
797,49182,-797,122
798,49644,-798,125
799,49182,-799,118
800,49392,-800,117
801,49182,-801,119
802,49287,-802,128
803,49182,-803,116
804,49161,-804,122
805,49172,-805,118
806,49266,-806,130
807,49308,-807,125
808,49035,-808,124
809,49035,-809,116
810,49224,-810,124
811,42127,-811,121
812,49371,-812,115
813,49098,-813,119
814,49182,-814,121
815,49224,-815,128
816,49245,-816,122
817,49182,-817,120
818,49119,-818,111
819,49329,-819,120
820,49182,-820,124
821,49035,-821,124
822,49287,-822,123
823,49182,-823,122
824,49071,-824,124
825,49140,-825,121
826,49161,-826,125
827,49392,-827,123
828,49191,-828,124
829,49224,-829,126
830,48426,-830,115
831,49182,-831,128
832,49140,-832,118
833,49287,-833,117
834,49182,-834,117
835,49119,-835,117
836,49182,-836,119
837,49287,-837,118
838,49032,-838,120
839,48027,-839,123
840,49182,-840,121
841,49182,-841,121
842,49182,-842,115
843,49182,-843,120
844,49182,-844,119
845,53298,-845,122
846,49182,-846,121
847,49182,-847,119
848,49224,-848,121
849,48888,-849,124
850,49182,-850,124
851,49245,-851,130
852,48993,-852,122
853,49056,-853,128
854,49182,-854,125
855,49287,-855,126
856,49413,-856,118
857,49182,-857,122
858,49182,-858,131
859,49203,-859,121
860,49182,-860,125
861,49203,-861,126
862,49204,-862,119
863,49182,-863,123
864,49161,-864,119
865,48993,-865,134
866,49181,-866,120
867,49056,-867,119
868,49245,-868,121
869,49035,-869,118
870,49182,-870,118
871,49182,-871,113
872,49266,-872,127
873,49182,-873,121
874,48993,-874,117
875,49191,-875,115
876,49182,-876,123
877,49189,-877,121
878,49182,-878,120
879,49329,-879,119
880,49182,-880,121
881,49056,-881,127
882,48993,-882,124
883,49392,-883,118
884,49119,-884,115
885,49182,-885,124
886,49182,-886,119
887,49182,-887,127
888,49182,-888,124
889,49056,-889,129
890,49140,-890,117
891,49035,-891,126
892,49623,-892,118
893,49224,-893,116
894,49203,-894,127
895,49182,-895,116
896,49347,-896,123
897,49192,-897,117
898,49161,-898,121
899,111447,-899,120
900,49182,-900,119
901,49175,-901,102
902,49182,-902,142
903,49161,-903,100
904,49182,-904,78
905,49371,-905,101
906,49182,-906,46
907,49224,-907,183
908,49098,-908,67
909,49182,-909,113
910,49182,-910,129
911,49182,-911,135
912,49185,-912,103
913,49347,-913,128
914,49182,-914,62
915,49329,-915,82
916,49182,-916,176
917,49182,-917,39
918,49182,-918,202
919,49308,-919,93
920,49182,-920,146
921,49224,-921,142
922,42294,-922,105
923,49141,-923,178
924,49014,-924,66
925,49182,-925,77
926,49098,-926,78
927,49266,-927,127
928,49190,-928,31
929,49140,-929,167
930,49182,-930,66
931,49203,-931,201
932,49182,-932,47
933,49182,-933,90
934,48993,-934,60
935,49187,-935,117
936,48993,-936,91
937,49035,-937,43
938,49215,-938,44
939,49182,-939,118
940,48993,-940,143
941,49392,-941,114
942,48027,-942,66
943,49119,-943,57
944,49203,-944,233
945,49182,-945,77
946,49392,-946,165
947,49140,-947,107
948,49182,-948,88
949,49182,-949,37
950,49161,-950,19
951,49098,-951,108
952,49266,-952,120
953,49182,-953,154
954,49182,-954,88
955,49182,-955,78
956,49203,-956,168
957,49182,-957,173
958,49371,-958,57
959,49182,-959,43
960,49182,-960,194
961,48993,-961,101
962,49203,-962,116
963,49203,-963,37
964,49056,-964,114
965,49329,-965,272
966,49392,-966,30
967,49182,-967,88
968,49161,-968,86
969,49182,-969,163
970,49182,-970,19
971,49175,-971,99
972,49140,-972,66
973,49182,-973,93
974,49203,-974,76
975,49182,-975,139
976,21000000,-976,69
977,49224,-977,60
978,49056,-978,158
979,49182,-979,163
980,49035,-980,81
981,49182,-981,33
982,49182,-982,208
983,49161,-983,92
984,49056,-984,70
985,21000000,-985,22
986,49392,-986,220
987,49182,-987,115
988,49182,-988,138
989,49182,-989,136
990,76902,-990,52
991,49056,-991,102
992,49182,-992,60
993,49182,-993,122
994,49014,-994,71
995,49182,-995,60
996,49287,-996,98
997,48510,-997,120
998,49287,-998,128
999,49203,-999,154
1000,49014,-1000,219
1001,49392,-1001,72
1002,49392,-1002,214
1003,49035,-1003,237
1004,49266,-1004,10
1005,42273,-1005,134
1006,49182,-1006,48
1007,49186,-1007,67
1008,48888,-1008,83
1009,49077,-1009,141
1010,49140,-1010,25
1011,49266,-1011,239
1012,49203,-1012,54
1013,49140,-1013,113
1014,49140,-1014,127
1015,49161,-1015,36
1016,49266,-1016,206
1017,47712,-1017,155
1018,49119,-1018,52
1019,49182,-1019,228
1020,49035,-1020,57
1021,49014,-1021,134
1022,49182,-1022,65
1023,48993,-1023,71
1024,49182,-1024,121
1025,49181,-1025,99
1026,49182,-1026,134
1027,49182,-1027,228
1028,49203,-1028,17
1029,49224,-1029,53
1030,49182,-1030,187
1031,49182,-1031,74
1032,49182,-1032,26
1033,49182,-1033,77
1034,49172,-1034,118
1035,49182,-1035,146
1036,49245,-1036,96
1037,49182,-1037,42
1038,49190,-1038,33
1039,49182,-1039,129
1040,49182,-1040,59
1041,49077,-1041,15
1042,49182,-1042,238
1043,42273,-1043,106
1044,49056,-1044,96
1045,49161,-1045,82
1046,49140,-1046,107
1047,48824,-1047,62
1048,49182,-1048,126
1049,49140,-1049,42
1050,49098,-1050,23
1051,49098,-1051,23
1052,49056,-1052,121
1053,49172,-1053,100
1054,49224,-1054,118
1055,49392,-1055,128
1056,49161,-1056,116
1057,49182,-1057,70
1058,49056,-1058,166
1059,49182,-1059,69
1060,38374,-1060,235
1061,48426,-1061,115
1062,49182,-1062,166
1063,49077,-1063,104
1064,49182,-1064,192
1065,49077,-1065,45
1066,49056,-1066,25
1067,76734,-1067,108
1068,49140,-1068,180
1069,49266,-1069,30
1070,49203,-1070,11
1071,49203,-1071,137
1072,49182,-1072,80
1073,49182,-1073,145
1074,49035,-1074,40
1075,49182,-1075,134
1076,49182,-1076,117
1077,49182,-1077,125
1078,49182,-1078,60
1079,49192,-1079,101
1080,49182,-1080,143
1081,49182,-1081,22
1082,49182,-1082,231
1083,49182,-1083,121
1084,49392,-1084,101
1085,49182,-1085,104
1086,32385,-1086,45
1087,49182,-1087,136
1088,49014,-1088,153
1089,49287,-1089,127
1090,49056,-1090,124
1091,49182,-1091,113
1092,49140,-1092,70
1093,992014,-1093,109
1094,49203,-1094,26
1095,49329,-1095,115
1096,49140,-1096,189
1097,49056,-1097,134
1098,49098,-1098,90
1099,49161,-1099,274
1100,49182,-1100,70
1101,49371,-1101,49
1102,49245,-1102,166
1103,49182,-1103,141
1104,48993,-1104,50
1105,49182,-1105,56
1106,49182,-1106,78
1107,176820,-1107,67
1108,49602,-1108,131
1109,49161,-1109,240
1110,21000000,-1110,42
1111,49245,-1111,199
1112,49287,-1112,49
1113,49182,-1113,22
1114,176820,-1114,64
1115,49014,-1115,72
1116,49182,-1116,121
1117,48027,-1117,189
1118,49035,-1118,60
1119,49017,-1119,69
1120,49287,-1120,151
1121,49203,-1121,36
1122,49182,-1122,184
1123,49182,-1123,89
1124,49182,-1124,154
1125,49182,-1125,51
1126,49077,-1126,24
1127,49182,-1127,93
1128,49182,-1128,51
1129,49182,-1129,127
1130,49077,-1130,61
1131,49056,-1131,147
1132,49350,-1132,98
1133,48594,-1133,145
1134,49371,-1134,169
1135,49182,-1135,53
1136,49035,-1136,131
1137,49329,-1137,181
1138,48972,-1138,22
1139,49140,-1139,149
1140,49014,-1140,190
1141,49182,-1141,125
1142,49182,-1142,130
1143,49140,-1143,174
1144,49056,-1144,52
1145,49266,-1145,160
1146,49035,-1146,86
1147,49056,-1147,152
1148,49077,-1148,48
1149,49392,-1149,143
1150,49392,-1150,36
1151,49056,-1151,158
1152,49182,-1152,115
1153,49014,-1153,281
1154,49182,-1154,62
1155,49182,-1155,77
1156,49182,-1156,138
1157,49203,-1157,56
1158,49190,-1158,56
1159,49182,-1159,136
1160,49182,-1160,10
1161,42252,-1161,151
1162,49182,-1162,49
1163,49182,-1163,94
1164,49203,-1164,14
1165,48972,-1165,71
1166,21000000,-1166,2
1167,49182,-1167,53
1168,49182,-1168,25
1169,49017,-1169,69
1170,49014,-1170,70
1171,21000000,-1171,31
1172,49224,-1172,100
1173,49182,-1173,86
1174,49203,-1174,148
1175,49192,-1175,227
1176,49056,-1176,57
1177,49182,-1177,50
1178,49287,-1178,112
1179,49182,-1179,197
1180,49035,-1180,117
1181,49014,-1181,207
1182,49392,-1182,88
1183,49163,-1183,52
1184,21000000,-1184,23
1185,49182,-1185,170
1186,49392,-1186,97
1187,49098,-1187,120
1188,49161,-1188,3
1189,49182,-1189,161
1190,49182,-1190,8
1191,49140,-1191,31
1192,49182,-1192,207
1193,49077,-1193,211
1194,49161,-1194,19
1195,49182,-1195,82
1196,49056,-1196,25
1197,49182,-1197,96
1198,49014,-1198,9
1199,49182,-1199,139
1200,49350,-1200,36
1201,49035,-1201,93
1202,49182,-1202,78
1203,49182,-1203,112
1204,21000000,-1204,25
1205,49287,-1205,72
1206,49203,-1206,163
1207,49032,-1207,100
1208,49182,-1208,44
1209,49182,-1209,40
1210,49161,-1210,116
1211,49161,-1211,33
1212,49182,-1212,120
1213,49056,-1213,152
1214,49172,-1214,80
1215,49119,-1215,40
1216,49182,-1216,132
1217,49266,-1217,230
1218,49077,-1218,104
1219,49014,-1219,44
1220,49644,-1220,217
1221,49182,-1221,38
1222,49077,-1222,105
1223,49287,-1223,57
1224,49182,-1224,173
1225,49182,-1225,29
1226,49182,-1226,68
1227,49056,-1227,51
1228,214129,-1228,110
1229,49077,-1229,115
1230,49414,-1230,35
1231,49329,-1231,340
1232,49014,-1232,60
1233,49287,-1233,95
1234,49098,-1234,152
1235,49182,-1235,67
1236,49329,-1236,89
1237,49218,-1237,103
1238,49140,-1238,133
1239,49182,-1239,70
1240,49182,-1240,10
1241,49098,-1241,75
1242,49182,-1242,132
1243,49182,-1243,113
1244,21000000,-1244,17
1245,49182,-1245,151
1246,49161,-1246,120
1247,49035,-1247,121
1248,49182,-1248,124
1249,49182,-1249,64
1250,49161,-1250,76
1251,48993,-1251,250
1252,49644,-1252,84
1253,49140,-1253,58
1254,21000000,-1254,129
1255,49182,-1255,114
1256,49056,-1256,215
1257,49203,-1257,59
1258,21000000,-1258,19
1259,49192,-1259,101
1260,49182,-1260,84
1261,49308,-1261,127
1262,49224,-1262,54
1263,48426,-1263,185
1264,49056,-1264,26
1265,49182,-1265,53
1266,49182,-1266,94
1267,49182,-1267,57
1268,49182,-1268,124
1269,49035,-1269,74
1270,49182,-1270,127
1271,49182,-1271,51
1272,21000000,-1272,9
1273,50715,-1273,38
1274,49161,-1274,86
1275,49056,-1275,23
1276,49192,-1276,57
1277,49182,-1277,171
1278,49182,-1278,75
1279,49056,-1279,96
1280,49182,-1280,73
1281,49161,-1281,34
1282,49014,-1282,54
1283,49182,-1283,73
1284,49266,-1284,116
1285,49056,-1285,106
1286,21000000,-1286,30
1287,49098,-1287,58
1288,49140,-1288,68
1289,49182,-1289,44
1290,21000000,-1290,45
1291,49161,-1291,74
1292,42557,-1292,103
1293,49035,-1293,105
1294,45798,-1294,63
1295,49056,-1295,135
1296,49161,-1296,32
1297,49287,-1297,56
1298,49224,-1298,80
1299,42273,-1299,42
1300,49182,-1300,189
1301,49182,-1301,119
1302,49350,-1302,121
1303,49329,-1303,116
1304,49308,-1304,122
1305,49161,-1305,121
1306,49035,-1306,123
1307,49161,-1307,119
1308,49182,-1308,119
1309,49182,-1309,112
1310,49182,-1310,118
1311,49224,-1311,116
1312,49161,-1312,125
1313,49182,-1313,118
1314,49182,-1314,115
1315,49056,-1315,117
1316,49161,-1316,126
1317,49224,-1317,119
1318,49119,-1318,129
1319,49182,-1319,117
1320,49182,-1320,114
1321,49161,-1321,121
1322,49203,-1322,125
1323,49245,-1323,130
1324,49098,-1324,129
1325,49182,-1325,117
1326,49224,-1326,131
1327,49077,-1327,126
1328,49182,-1328,124
1329,49182,-1329,130
1330,49182,-1330,122
1331,49182,-1331,132
1332,49098,-1332,119
1333,181897,-1333,121
1334,49224,-1334,113
1335,49182,-1335,121
1336,49266,-1336,119
1337,49392,-1337,122
1338,49182,-1338,122
1339,49182,-1339,116
1340,49014,-1340,125
1341,49182,-1341,130
1342,49392,-1342,128
1343,49182,-1343,132
1344,49182,-1344,127
1345,49182,-1345,114
1346,49140,-1346,118
1347,49182,-1347,118
1348,49177,-1348,117
1349,49182,-1349,113
1350,49224,-1350,126
1351,49245,-1351,120
1352,49287,-1352,119
1353,49014,-1353,115
1354,49077,-1354,119
1355,49266,-1355,126
1356,49371,-1356,112
1357,49308,-1357,122
1358,49182,-1358,137
1359,49182,-1359,121
1360,49077,-1360,127
1361,49182,-1361,120
1362,49182,-1362,123
1363,49182,-1363,125
1364,49140,-1364,116
1365,49014,-1365,116
1366,49467,-1366,121
1367,49203,-1367,113
1368,49182,-1368,129
1369,49182,-1369,125
1370,49182,-1370,119
1371,49350,-1371,120
1372,49203,-1372,121
1373,49182,-1373,115
1374,49192,-1374,125
1375,49162,-1375,125
1376,49161,-1376,119
1377,49203,-1377,117
1378,49203,-1378,135
1379,49182,-1379,129
1380,49392,-1380,121
1381,49177,-1381,119
1382,49182,-1382,123
1383,49161,-1383,116
1384,48993,-1384,120
1385,49182,-1385,120
1386,49182,-1386,123
1387,49266,-1387,115
1388,48993,-1388,121
1389,49287,-1389,128
1390,49113,-1390,121
1391,49161,-1391,124
1392,49161,-1392,117
1393,49182,-1393,116
1394,49224,-1394,127
1395,49161,-1395,125
1396,49182,-1396,115
1397,49182,-1397,125
1398,49182,-1398,128
1399,49266,-1399,122
1400,49182,-1400,122
1401,49392,-1401,119
1402,49245,-1402,121
1403,49350,-1403,112
1404,49182,-1404,127
1405,49203,-1405,120
1406,49245,-1406,121
1407,49287,-1407,131
1408,49182,-1408,119
1409,49162,-1409,120
1410,49187,-1410,123
1411,49182,-1411,122
1412,49056,-1412,118
1413,49035,-1413,118
1414,49119,-1414,122
1415,49182,-1415,124
1416,49182,-1416,125
1417,49182,-1417,121
1418,49203,-1418,126
1419,49182,-1419,118
1420,49182,-1420,112
1421,49182,-1421,118
1422,48993,-1422,117
1423,49287,-1423,116
1424,49035,-1424,113
1425,49182,-1425,120
1426,49182,-1426,129
1427,49203,-1427,123
1428,49182,-1428,122
1429,49308,-1429,115
1430,49140,-1430,119
1431,49203,-1431,127
1432,49182,-1432,115
1433,49361,-1433,120
1434,49161,-1434,130
1435,49182,-1435,115
1436,49182,-1436,113
1437,51177,-1437,115
1438,49182,-1438,122
1439,49203,-1439,117
1440,49182,-1440,121
1441,49182,-1441,121
1442,49182,-1442,122
1443,49182,-1443,125
1444,49035,-1444,114
1445,49182,-1445,118
1446,49203,-1446,134
1447,49182,-1447,114
1448,49167,-1448,116
1449,49014,-1449,126
1450,49182,-1450,115
1451,49329,-1451,119
1452,49014,-1452,123
1453,49182,-1453,128
1454,49182,-1454,121
1455,49014,-1455,116
1456,42252,-1456,120
1457,49161,-1457,115
1458,49161,-1458,123
1459,49119,-1459,123
1460,49287,-1460,116
1461,49161,-1461,130
1462,49161,-1462,116
1463,49192,-1463,117
1464,35343,-1464,121
1465,49182,-1465,117
1466,49494,-1466,121
1467,49182,-1467,122
1468,49182,-1468,117
1469,49224,-1469,131
1470,49182,-1470,119
1471,50043,-1471,114
1472,49182,-1472,118
1473,49224,-1473,120
1474,49014,-1474,126
1475,49165,-1475,116
1476,49161,-1476,121
1477,49077,-1477,121
1478,49182,-1478,129
1479,42252,-1479,123
1480,49182,-1480,119
1481,49182,-1481,127
1482,49182,-1482,125
1483,49182,-1483,125
1484,49224,-1484,127
1485,49119,-1485,120
1486,49182,-1486,120
1487,49182,-1487,123
1488,49392,-1488,117
1489,49224,-1489,121
1490,49182,-1490,118
1491,49191,-1491,125
1492,49392,-1492,130
1493,49245,-1493,122
1494,49350,-1494,127
1495,49182,-1495,119
1496,49182,-1496,121
1497,49182,-1497,114
1498,49308,-1498,120
1499,49182,-1499,123
1500,49140,-1500,119
1501,49182,-1501,115
1502,49182,-1502,19
1503,69510,-1503,50
1504,49182,-1504,103
1505,49161,-1505,58
1506,49161,-1506,11
1507,49161,-1507,17
1508,49182,-1508,20
1509,49203,-1509,131
1510,49182,-1510,110
1511,49119,-1511,160
1512,49182,-1512,79
1513,49371,-1513,178
1514,49077,-1514,58
1515,49182,-1515,146
1516,49329,-1516,89
1517,49182,-1517,226
1518,49182,-1518,17
1519,49287,-1519,158
1520,49203,-1520,91
1521,49161,-1521,153
1522,49182,-1522,88
1523,49182,-1523,35
1524,49266,-1524,207
1525,42252,-1525,190
1526,49191,-1526,51
1527,49287,-1527,195
1528,49161,-1528,48
1529,49182,-1529,30
1530,49182,-1530,151
1531,49056,-1531,97
1532,49182,-1532,127
1533,49182,-1533,171
1534,49203,-1534,68
1535,49161,-1535,145
1536,49182,-1536,88
1537,49182,-1537,21
1538,49182,-1538,114
1539,49182,-1539,134
1540,49056,-1540,107
1541,49182,-1541,31
1542,49203,-1542,186
1543,49182,-1543,160
1544,49098,-1544,88
1545,48426,-1545,171
1546,49392,-1546,146
1547,49035,-1547,94
1548,49056,-1548,127
1549,49350,-1549,76
1550,49182,-1550,41
1551,49224,-1551,62
1552,49077,-1552,193
1553,49182,-1553,173
1554,49056,-1554,85
1555,49077,-1555,78
1556,49245,-1556,103
1557,49203,-1557,55
1558,49308,-1558,224
1559,49203,-1559,155
1560,49182,-1560,147
1561,49224,-1561,98
1562,49287,-1562,157
1563,49224,-1563,195
1564,50043,-1564,33
1565,49245,-1565,69
1566,49266,-1566,174
1567,49203,-1567,2
1568,49098,-1568,254
1569,49161,-1569,74
1570,49182,-1570,135
1571,49098,-1571,53
1572,48993,-1572,131
1573,49182,-1573,138
1574,49203,-1574,16
1575,49161,-1575,40
1576,49098,-1576,77
1577,42427,-1577,156
1578,49361,-1578,81
1579,49182,-1579,143
1580,49182,-1580,102
1581,49308,-1581,183
1582,50379,-1582,52
1583,49182,-1583,91
1584,49287,-1584,97
1585,48027,-1585,164
1586,49182,-1586,144
1587,49182,-1587,71
1588,49182,-1588,74
1589,49119,-1589,168
1590,49182,-1590,89
1591,49098,-1591,87
1592,49161,-1592,173
1593,49056,-1593,137
1594,49182,-1594,83
1595,49161,-1595,44
1596,49014,-1596,101
1597,49182,-1597,91
1598,49182,-1598,78
1599,49182,-1599,63
1600,49182,-1600,201
1601,49182,-1601,108
1602,48594,-1602,96
1603,49329,-1603,83
1604,49266,-1604,136
1605,49182,-1605,235
1606,49182,-1606,33
1607,49161,-1607,83
1608,49182,-1608,169
1609,49287,-1609,116
1610,49182,-1610,76
1611,49014,-1611,91
1612,49182,-1612,65
1613,49287,-1613,13
1614,49161,-1614,91
1615,49119,-1615,217
1616,49182,-1616,37
1617,49182,-1617,207
1618,49203,-1618,20
1619,49182,-1619,198
1620,49182,-1620,39
1621,49056,-1621,123
1622,49392,-1622,10
1623,49182,-1623,94
1624,49161,-1624,146
1625,49182,-1625,105
1626,49014,-1626,150
1627,49140,-1627,97
1628,49161,-1628,36
1629,49219,-1629,53
1630,49182,-1630,132
1631,49014,-1631,180
1632,21000000,-1632,45
1633,49161,-1633,89
1634,49182,-1634,109
1635,49014,-1635,101
1636,49119,-1636,44
1637,49014,-1637,124
1638,49080,-1638,120
1639,49182,-1639,109
1640,49182,-1640,139
1641,49177,-1641,102
1642,49140,-1642,130
1643,49202,-1643,51
1644,49182,-1644,198
1645,49182,-1645,56
1646,49182,-1646,85
1647,49182,-1647,71
1648,49182,-1648,127
1649,48993,-1649,46
1650,49162,-1650,157
1651,49182,-1651,61
1652,49192,-1652,146
1653,49203,-1653,98
1654,49161,-1654,160
1655,49224,-1655,46
1656,42252,-1656,110
1657,49056,-1657,142
1658,49182,-1658,84
1659,49273,-1659,207
1660,49182,-1660,22
1661,49182,-1661,22
1662,49014,-1662,47
1663,49140,-1663,100
1664,49080,-1664,156
1665,49056,-1665,41
1666,49014,-1666,256
1667,49161,-1667,103
1668,49182,-1668,195
1669,49182,-1669,240
1670,49182,-1670,73
1671,49098,-1671,62
1672,49056,-1672,98
1673,49182,-1673,93
1674,49182,-1674,104
1675,49224,-1675,134
1676,49014,-1676,78
1677,49182,-1677,113
1678,49203,-1678,110
1679,49182,-1679,134
1680,49182,-1680,90
1681,49014,-1681,72
1682,49167,-1682,127
1683,49161,-1683,86
1684,49161,-1684,62
1685,49056,-1685,168
1686,49182,-1686,156
1687,49098,-1687,6
1688,49245,-1688,103
1689,49203,-1689,155
1690,49014,-1690,68
1691,49224,-1691,122
1692,49162,-1692,62
1693,49161,-1693,114
1694,48984,-1694,181
1695,49182,-1695,161
1696,49182,-1696,87
1697,49119,-1697,129
1698,49208,-1698,106
1699,49224,-1699,99
1700,49077,-1700,130
1701,49287,-1701,86
1702,49350,-1702,82
1703,48993,-1703,108
1704,49392,-1704,15
1705,49182,-1705,158
1706,49182,-1706,88
1707,49202,-1707,172
1708,49140,-1708,10
1709,49182,-1709,77
1710,48027,-1710,69
1711,49182,-1711,65
1712,49161,-1712,134
1713,49162,-1713,139
1714,49161,-1714,109
1715,49119,-1715,17
1716,48321,-1716,42
1717,49161,-1717,59
1718,48841,-1718,236
1719,49182,-1719,12
1720,49266,-1720,144
1721,49161,-1721,138
1722,48993,-1722,96
1723,49182,-1723,35
1724,49035,-1724,101
1725,49182,-1725,198
1726,49266,-1726,58
1727,49014,-1727,124
1728,49077,-1728,56
1729,49182,-1729,54
1730,49182,-1730,10
1731,49014,-1731,9
1732,49203,-1732,184
1733,49350,-1733,100
1734,49245,-1734,129
1735,49098,-1735,55
1736,49077,-1736,97
1737,49182,-1737,43
1738,49119,-1738,126
1739,49161,-1739,103
1740,49203,-1740,153
1741,195126,-1741,177
1742,49203,-1742,186
1743,42273,-1743,68
1744,49182,-1744,21
1745,49182,-1745,167
1746,21000000,-1746,11
1747,56133,-1747,119
1748,49056,-1748,48
1749,49329,-1749,112
1750,49140,-1750,108
1751,49245,-1751,10
1752,49182,-1752,50
1753,49119,-1753,174
1754,49182,-1754,70
1755,49182,-1755,93
1756,49014,-1756,282
1757,49077,-1757,79
1758,48993,-1758,73
1759,49161,-1759,128
1760,49182,-1760,7
1761,47338,-1761,59
1762,49014,-1762,167
1763,49182,-1763,119
1764,49392,-1764,73
1765,388097,-1765,130
1766,49035,-1766,81
1767,49203,-1767,82
1768,49182,-1768,77
1769,49140,-1769,89
1770,49182,-1770,111
1771,49182,-1771,150
1772,49182,-1772,65
1773,49287,-1773,38
1774,49098,-1774,157
1775,49014,-1775,80
1776,49224,-1776,95
1777,49182,-1777,58
1778,49224,-1778,27
1779,49224,-1779,73
1780,48993,-1780,176
1781,42064,-1781,129
1782,49119,-1782,92
1783,49161,-1783,124
1784,21000000,-1784,8
1785,49308,-1785,275
1786,49161,-1786,75
1787,49392,-1787,49
1788,49161,-1788,23
1789,49182,-1789,42
1790,49014,-1790,31
1791,49192,-1791,18
1792,49182,-1792,101
1793,42252,-1793,104
1794,49182,-1794,53
1795,48993,-1795,154
1796,49182,-1796,102
1797,49161,-1797,135
1798,49182,-1798,8
1799,21000000,-1799,12
1800,49392,-1800,20
1801,56112,-1801,57
1802,49014,-1802,65
1803,49161,-1803,212
1804,49191,-1804,59
1805,49266,-1805,212
1806,49056,-1806,13
1807,49014,-1807,47
1808,49182,-1808,64
1809,49224,-1809,10
1810,49392,-1810,51
1811,49224,-1811,67
1812,49161,-1812,183
1813,48996,-1813,129
1814,49014,-1814,122
1815,49245,-1815,132
1816,49182,-1816,32
1817,50842,-1817,267
1818,21000000,-1818,18
1819,49350,-1819,28
1820,49182,-1820,138
1821,49119,-1821,120
1822,49182,-1822,126
1823,49035,-1823,24
1824,49224,-1824,13
1825,49161,-1825,75
1826,49392,-1826,13
1827,49161,-1827,102
1828,49140,-1828,35
1829,49203,-1829,96
1830,21000000,-1830,61
1831,49224,-1831,52
1832,42252,-1832,144
1833,49161,-1833,12
1834,49014,-1834,10
1835,49224,-1835,80
1836,49161,-1836,120
1837,49182,-1837,96
1838,49035,-1838,72
1839,42273,-1839,119
1840,49077,-1840,19
1841,49098,-1841,108
1842,49161,-1842,84
1843,49203,-1843,187
1844,49098,-1844,5
1845,49168,-1845,15
1846,49329,-1846,23
1847,49224,-1847,43
1848,49182,-1848,90
1849,49182,-1849,83
1850,49266,-1850,134
1851,49287,-1851,143
1852,49161,-1852,136
1853,49182,-1853,148
1854,49182,-1854,27
1855,49172,-1855,98
1856,49392,-1856,147
1857,49224,-1857,155
1858,49035,-1858,71
1859,49266,-1859,68
1860,49077,-1860,124
1861,49182,-1861,85
1862,49140,-1862,160
1863,49078,-1863,97
1864,49182,-1864,73
1865,49182,-1865,21
1866,49182,-1866,89
1867,49161,-1867,13
1868,49182,-1868,243
1869,49119,-1869,23
1870,49165,-1870,213
1871,49350,-1871,86
1872,49182,-1872,106
1873,49203,-1873,31
1874,49035,-1874,109
1875,49266,-1875,108
1876,49182,-1876,93
1877,49182,-1877,231
1878,49224,-1878,82
1879,49098,-1879,44
1880,49245,-1880,162
1881,49202,-1881,117
1882,49161,-1882,140
1883,49182,-1883,93
1884,49182,-1884,111
1885,48993,-1885,12
1886,49182,-1886,87
1887,42252,-1887,202
1888,48993,-1888,60
1889,49035,-1889,49
1890,42252,-1890,205
1891,49182,-1891,37
1892,49182,-1892,159
1893,49224,-1893,10
1894,49056,-1894,61
1895,49014,-1895,125
1896,49182,-1896,44
1897,49182,-1897,100
1898,49035,-1898,39
1899,49182,-1899,33
1900,49245,-1900,211
1901,49203,-1901,122
1902,49308,-1902,124
1903,49224,-1903,123
1904,49245,-1904,129
1905,49140,-1905,120
1906,49392,-1906,125
1907,49182,-1907,121
1908,49182,-1908,124
1909,49308,-1909,129
1910,49056,-1910,120
1911,49035,-1911,126
1912,49182,-1912,126
1913,49140,-1913,120
1914,49182,-1914,117
1915,49308,-1915,128
1916,49182,-1916,122
1917,49224,-1917,118
1918,49182,-1918,121
1919,49182,-1919,119
1920,48930,-1920,116
1921,49308,-1921,125
1922,49182,-1922,117
1923,49182,-1923,125
1924,49014,-1924,113
1925,49203,-1925,124
1926,49182,-1926,116
1927,48426,-1927,117
1928,49182,-1928,112
1929,49203,-1929,121
1930,49350,-1930,124
1931,49161,-1931,128
1932,49371,-1932,127
1933,49308,-1933,125
1934,49182,-1934,111
1935,49182,-1935,117
1936,49077,-1936,120
1937,49035,-1937,126
1938,49182,-1938,125
1939,49056,-1939,117
1940,49182,-1940,118
1941,49329,-1941,131
1942,49371,-1942,120
1943,49182,-1943,122
1944,49119,-1944,116
1945,49245,-1945,127
1946,48993,-1946,122
1947,49035,-1947,115
1948,48468,-1948,121
1949,49182,-1949,125
1950,49371,-1950,125
1951,49014,-1951,115
1952,49308,-1952,118
1953,49182,-1953,127
1954,21000000,-1954,115
1955,49161,-1955,117
1956,48993,-1956,119
1957,49182,-1957,116
1958,49308,-1958,116
1959,49161,-1959,123
1960,49111,-1960,120
1961,49350,-1961,118
1962,49182,-1962,123
1963,49161,-1963,126
1964,49182,-1964,113
1965,48993,-1965,126
1966,49224,-1966,117
1967,49329,-1967,134
1968,49161,-1968,123
1969,49245,-1969,123
1970,49182,-1970,118
1971,49308,-1971,119
1972,49182,-1972,113
1973,49350,-1973,125
1974,49182,-1974,121
1975,49350,-1975,124
1976,49014,-1976,119
1977,49182,-1977,128
1978,49119,-1978,116
1979,49182,-1979,121
1980,49077,-1980,129
1981,49182,-1981,120
1982,49371,-1982,118
1983,49162,-1983,122
1984,49098,-1984,115
1985,49056,-1985,117
1986,49182,-1986,122
1987,49245,-1987,120
1988,49182,-1988,110
1989,49224,-1989,113
1990,49191,-1990,124
1991,49182,-1991,129
1992,49182,-1992,115
1993,49182,-1993,120
1994,49224,-1994,117
1995,49182,-1995,118
1996,49182,-1996,126
1997,49182,-1997,111
1998,49392,-1998,124
1999,49182,-1999,125
2000,49329,-2000,118
2001,49182,-2001,128
2002,42252,-2002,112
2003,49203,-2003,122
2004,49245,-2004,118
2005,49203,-2005,117
2006,49371,-2006,123
2007,49182,-2007,122
2008,49182,-2008,125
2009,49182,-2009,126
2010,49119,-2010,116
2011,49056,-2011,118
2012,49077,-2012,125
2013,49077,-2013,113
2014,49182,-2014,125
2015,49014,-2015,124
2016,49182,-2016,124
2017,49392,-2017,130
2018,49077,-2018,121
2019,49350,-2019,117
2020,49182,-2020,124
2021,49182,-2021,125
2022,49162,-2022,121
2023,49182,-2023,113
2024,49182,-2024,125
2025,49203,-2025,122
2026,49192,-2026,117
2027,49182,-2027,114
2028,49098,-2028,120
2029,49287,-2029,119
2030,49161,-2030,121
2031,49182,-2031,120
2032,49119,-2032,117
2033,49182,-2033,105
2034,49203,-2034,126
2035,49182,-2035,132
2036,49182,-2036,127
2037,49182,-2037,112
2038,49182,-2038,122
2039,49245,-2039,119
2040,49098,-2040,115
2041,94189,-2041,121
2042,49182,-2042,121
2043,49287,-2043,121
2044,49182,-2044,116
2045,49329,-2045,116
2046,49224,-2046,113
2047,49350,-2047,118
2048,49182,-2048,116
2049,49182,-2049,127
2050,49035,-2050,114
2051,49182,-2051,120
2052,49203,-2052,117
2053,119349768,-2053,115
2054,49371,-2054,120
2055,49203,-2055,117
2056,49182,-2056,131
2057,49182,-2057,120
2058,49182,-2058,121
2059,42252,-2059,113
2060,49182,-2060,123
2061,49350,-2061,120
2062,49182,-2062,117
2063,49182,-2063,119
2064,49014,-2064,120
2065,49182,-2065,120
2066,49266,-2066,121
2067,49161,-2067,121
2068,49224,-2068,133
2069,49182,-2069,118
2070,49182,-2070,114
2071,49162,-2071,130
2072,49203,-2072,125
2073,48993,-2073,122
2074,49421,-2074,115
2075,49182,-2075,126
2076,49182,-2076,113
2077,49182,-2077,120
2078,49182,-2078,122
2079,49329,-2079,125
2080,49182,-2080,116
2081,42147,-2081,124
2082,49182,-2082,120
2083,49182,-2083,121
2084,49162,-2084,122
2085,49182,-2085,117
2086,49182,-2086,123
2087,49182,-2087,127
2088,49203,-2088,116
2089,49266,-2089,124
2090,49308,-2090,122
2091,49245,-2091,124
2092,42105,-2092,113
2093,49182,-2093,114
2094,49224,-2094,127
2095,49182,-2095,117
2096,49191,-2096,121
2097,49182,-2097,121
2098,49182,-2098,120
2099,49035,-2099,119
2100,49182,-2100,129
2101,49182,-2101,34
2102,49392,-2102,105
2103,49392,-2103,80
2104,49182,-2104,50
2105,41775,-2105,61
2106,49182,-2106,160
2107,49266,-2107,114
2108,49371,-2108,114
2109,49182,-2109,39
2110,49182,-2110,14
2111,49182,-2111,115
2112,49140,-2112,121
2113,49098,-2113,41
2114,49161,-2114,82
2115,49203,-2115,126
2116,49392,-2116,68
2117,49192,-2117,88
2118,42252,-2118,132
2119,49329,-2119,132
2120,49119,-2120,111
2121,49749,-2121,86
2122,49035,-2122,50
2123,49182,-2123,202
2124,49077,-2124,45
2125,49182,-2125,101
2126,49182,-2126,129
2127,49182,-2127,62
2128,49182,-2128,121
2129,49308,-2129,29
2130,49182,-2130,101
2131,49119,-2131,54
2132,49392,-2132,189
2133,49182,-2133,58
2134,48321,-2134,107
2135,49014,-2135,58
2136,49077,-2136,191
2137,48321,-2137,129
2138,49182,-2138,96
2139,49308,-2139,189
2140,49182,-2140,45
2141,49182,-2141,141
2142,49350,-2142,24
2143,49392,-2143,123
2144,48321,-2144,174
2145,49182,-2145,111
2146,49182,-2146,126
2147,49329,-2147,87
2148,49203,-2148,162
2149,49098,-2149,76
2150,49056,-2150,92
2151,49182,-2151,206
2152,48993,-2152,64
2153,42273,-2153,35
2154,49056,-2154,90
2155,49308,-2155,131
2156,21000000,-2156,12
2157,49182,-2157,132
2158,49182,-2158,107
2159,49056,-2159,125
2160,49182,-2160,48
2161,49350,-2161,120
2162,49182,-2162,12
2163,49119,-2163,95
2164,48930,-2164,139
2165,49350,-2165,104
2166,47338,-2166,71
2167,49371,-2167,134
2168,48993,-2168,79
2169,82989,-2169,89
2170,49182,-2170,88
2171,48972,-2171,23
2172,49182,-2172,128
2173,49329,-2173,113
2174,49089,-2174,105
2175,49182,-2175,42
2176,49182,-2176,137
2177,49224,-2177,123
2178,49182,-2178,115
2179,49182,-2179,42
2180,49182,-2180,183
2181,49329,-2181,118
2182,42252,-2182,12
2183,48762,-2183,83
2184,49140,-2184,155
2185,49161,-2185,111
2186,49182,-2186,37
2187,49191,-2187,115
2188,49077,-2188,135
2189,49266,-2189,95
2190,49182,-2190,85
2191,49308,-2191,24
2192,48993,-2192,143
2193,49161,-2193,135
2194,49182,-2194,114
2195,49182,-2195,59
2196,49191,-2196,177
2197,49350,-2197,166
2198,48993,-2198,70
2199,48993,-2199,33
2200,49119,-2200,32
2201,49308,-2201,148
2202,49392,-2202,80
2203,42273,-2203,64
2204,49192,-2204,86
2205,42273,-2205,94
2206,48972,-2206,45
2207,42094,-2207,130
2208,49182,-2208,170
2209,49308,-2209,169
2210,42252,-2210,86
2211,49182,-2211,108
2212,49182,-2212,133
2213,49203,-2213,106
2214,49224,-2214,147
2215,49392,-2215,125
2216,49224,-2216,60
2217,21000000,-2217,93
2218,49182,-2218,80
2219,42273,-2219,125
2220,49182,-2220,57
2221,49182,-2221,85
2222,49182,-2222,162
2223,48993,-2223,1
2224,49161,-2224,22
2225,21000000,-2225,12
2226,49371,-2226,55
2227,49182,-2227,230
2228,49182,-2228,19
2229,49182,-2229,103
2230,21000000,-2230,9
2231,48993,-2231,37
2232,48993,-2232,91
2233,35364,-2233,82
2234,49392,-2234,30
2235,49229,-2235,87
2236,49089,-2236,135
2237,49350,-2237,57
2238,49182,-2238,184
2239,49392,-2239,171
2240,35175,-2240,78
2241,49776,-2241,121
2242,42252,-2242,113
2243,48993,-2243,125
2244,49119,-2244,107
2245,49161,-2245,53
2246,41097,-2246,49
2247,49182,-2247,75
2248,49203,-2248,87
2249,49182,-2249,22
2250,49182,-2250,223
2251,49245,-2251,43
2252,49182,-2252,88
2253,49329,-2253,38
2254,48993,-2254,121
2255,49182,-2255,161
2256,49182,-2256,69
2257,49056,-2257,96
2258,49182,-2258,135
2259,49119,-2259,26
2260,49182,-2260,205
2261,49182,-2261,229
2262,49224,-2262,68
2263,49140,-2263,97
2264,49203,-2264,124
2265,42252,-2265,102
2266,49182,-2266,146
2267,49119,-2267,47
2268,49203,-2268,239
2269,49182,-2269,121
2270,49371,-2270,122
2271,49182,-2271,87
2272,49182,-2272,159
2273,49266,-2273,26
2274,49161,-2274,69
2275,49162,-2275,81
2276,49182,-2276,178
2277,49329,-2277,31
2278,49182,-2278,113
2279,49245,-2279,29
2280,49203,-2280,198
2281,49203,-2281,14
2282,49182,-2282,93
2283,49182,-2283,126
2284,49182,-2284,74
2285,49266,-2285,41
2286,49056,-2286,90
2287,32385,-2287,75
2288,21000000,-2288,1
2289,49182,-2289,38
2290,42294,-2290,90
2291,49182,-2291,39
2292,49203,-2292,215
2293,48993,-2293,64
2294,49182,-2294,68
2295,49392,-2295,30
2296,49182,-2296,17
2297,49035,-2297,104
2298,49308,-2298,133
2299,47943,-2299,42
2300,49182,-2300,207
2301,49182,-2301,156
2302,49203,-2302,83
2303,49056,-2303,69
2304,49078,-2304,77
2305,49056,-2305,113
2306,49329,-2306,63
2307,49182,-2307,63
2308,49035,-2308,265
2309,49014,-2309,197
2310,49182,-2310,40
2311,49182,-2311,51
2312,49182,-2312,76
2313,49056,-2313,129
2314,49245,-2314,38
2315,49098,-2315,50
2316,49077,-2316,81
2317,49329,-2317,115
2318,49182,-2318,31
2319,49224,-2319,62
2320,49245,-2320,56
2321,49182,-2321,141
2322,49182,-2322,93
2323,49329,-2323,36
2324,49245,-2324,113
2325,49182,-2325,73
2326,49224,-2326,50
2327,49182,-2327,56
2328,49182,-2328,91
2329,49161,-2329,82
2330,49098,-2330,100
2331,49182,-2331,180
2332,49203,-2332,34
2333,49182,-2333,185
2334,49056,-2334,66
2335,49077,-2335,89
2336,49098,-2336,118
2337,49098,-2337,68
2338,49161,-2338,102
2339,49182,-2339,174
2340,49203,-2340,44
2341,50883,-2341,23
2342,49182,-2342,55
2343,49035,-2343,170
2344,49329,-2344,15
2345,49182,-2345,33
2346,48993,-2346,157
2347,49308,-2347,172
2348,49182,-2348,62
2349,49182,-2349,123
2350,48993,-2350,128
2351,48993,-2351,94
2352,49182,-2352,67
2353,49182,-2353,19
2354,49035,-2354,152
2355,21000000,-2355,16
2356,49224,-2356,40
2357,21000000,-2357,26
2358,49182,-2358,163
2359,49182,-2359,65
2360,49203,-2360,49
2361,48993,-2361,143
2362,49182,-2362,16
2363,49182,-2363,19
2364,49182,-2364,233
2365,49140,-2365,13
2366,49182,-2366,67
2367,48993,-2367,52
2368,49329,-2368,90
2369,49161,-2369,10
2370,42273,-2370,95
2371,49182,-2371,205
2372,49203,-2372,101
2373,49182,-2373,36
2374,49182,-2374,109
2375,49245,-2375,128
2376,42378,-2376,63
2377,49392,-2377,109
2378,49203,-2378,136
2379,48993,-2379,105
2380,49182,-2380,37
2381,49224,-2381,139
2382,49056,-2382,70
2383,49182,-2383,65
2384,49182,-2384,37
2385,48993,-2385,39
2386,48993,-2386,62
2387,49266,-2387,92
2388,49162,-2388,70
2389,49056,-2389,58
2390,49203,-2390,88
2391,49014,-2391,135
2392,49182,-2392,40
2393,49308,-2393,74
2394,42357,-2394,108
2395,49329,-2395,96
2396,48993,-2396,94
2397,49203,-2397,169
2398,49182,-2398,89
2399,50967,-2399,75
2400,49182,-2400,83
2401,49014,-2401,95
2402,49182,-2402,45
2403,49182,-2403,115
2404,49203,-2404,17
2405,48993,-2405,112
2406,21000000,-2406,28
2407,48993,-2407,60
2408,49077,-2408,99
2409,49162,-2409,195
2410,42252,-2410,80
2411,49182,-2411,87
2412,49182,-2412,227
2413,48993,-2413,88
2414,49077,-2414,116
2415,49056,-2415,68
2416,49182,-2416,18
2417,49182,-2417,7
2418,49119,-2418,57
2419,49182,-2419,41
2420,49192,-2420,61
2421,49308,-2421,128
2422,49308,-2422,65
2423,48993,-2423,120
2424,49350,-2424,32
2425,49182,-2425,76
2426,48993,-2426,99
2427,47943,-2427,95
2428,49182,-2428,49
2429,49077,-2429,52
2430,49161,-2430,101
2431,21000000,-2431,29
2432,49287,-2432,2
2433,49119,-2433,165
2434,49182,-2434,50
2435,42273,-2435,117
2436,49182,-2436,71
2437,49203,-2437,158
2438,49182,-2438,58
2439,49182,-2439,118
2440,49182,-2440,12
2441,49014,-2441,128
2442,49287,-2442,34
2443,42252,-2443,123
2444,49035,-2444,107
2445,42273,-2445,58
2446,42252,-2446,64
2447,49182,-2447,110
2448,48762,-2448,129
2449,49161,-2449,31
2450,48993,-2450,53
2451,47775,-2451,40
2452,49182,-2452,13
2453,49140,-2453,81
2454,49182,-2454,184
2455,49203,-2455,73
2456,49035,-2456,49
2457,49056,-2457,159
2458,49182,-2458,87
2459,56091,-2459,51
2460,49266,-2460,134
2461,49182,-2461,165
2462,49371,-2462,57
2463,49182,-2463,104
2464,49098,-2464,84
2465,48970,-2465,72
2466,49392,-2466,157
2467,49182,-2467,4
2468,49161,-2468,33
2469,49182,-2469,31
2470,21000000,-2470,36
2471,49182,-2471,99
2472,49371,-2472,66
2473,49119,-2473,109
2474,49078,-2474,82
2475,49182,-2475,100
2476,49308,-2476,112
2477,49182,-2477,119
2478,49014,-2478,17
2479,49161,-2479,35
2480,49182,-2480,28
2481,49182,-2481,177
2482,49203,-2482,88
2483,49056,-2483,95
2484,42252,-2484,42
2485,49229,-2485,48
2486,49077,-2486,110
2487,35343,-2487,83
2488,49161,-2488,72
2489,48996,-2489,109
2490,49182,-2490,121
2491,49182,-2491,21
2492,49182,-2492,123
2493,42252,-2493,40
2494,49203,-2494,122
2495,49182,-2495,311
2496,48993,-2496,54
2497,49077,-2497,100
2498,49224,-2498,36
2499,49182,-2499,87
2500,21000000,-2500,3
2501,49182,-2501,117
2502,49191,-2502,128
2503,49182,-2503,116
2504,49182,-2504,113
2505,49161,-2505,122
2506,49287,-2506,110
2507,49182,-2507,127
2508,49350,-2508,121
2509,49119,-2509,121
2510,49182,-2510,107
2511,49371,-2511,121
2512,49182,-2512,125
2513,49182,-2513,121
2514,49056,-2514,115
2515,49371,-2515,121
2516,49182,-2516,126
2517,49392,-2517,127
2518,49098,-2518,121
2519,49224,-2519,123
2520,49182,-2520,122
2521,49379,-2521,116
2522,49119,-2522,124
2523,49162,-2523,122
2524,48993,-2524,122
2525,49182,-2525,120
2526,49191,-2526,121
2527,49035,-2527,116
2528,49182,-2528,121
2529,49329,-2529,121
2530,49371,-2530,113
2531,49287,-2531,120
2532,56112,-2532,118
2533,49245,-2533,128
2534,49287,-2534,121
2535,49182,-2535,123
2536,49182,-2536,118
2537,49098,-2537,123
2538,48993,-2538,120
2539,49350,-2539,122
2540,49308,-2540,117
2541,49182,-2541,128
2542,49161,-2542,123
2543,49077,-2543,126
2544,49077,-2544,119
2545,49161,-2545,122
2546,49182,-2546,119
2547,49182,-2547,130
2548,49287,-2548,125
2549,49151,-2549,129
2550,49287,-2550,120
2551,49077,-2551,121
2552,49182,-2552,119
2553,49182,-2553,115
2554,49245,-2554,134
2555,49182,-2555,122
2556,49098,-2556,120
2557,49182,-2557,116
2558,49182,-2558,118
2559,49182,-2559,114
2560,49203,-2560,125
2561,49035,-2561,119
2562,57156,-2562,126
2563,49201,-2563,114
2564,49203,-2564,127
2565,49182,-2565,109
2566,49182,-2566,120
2567,49182,-2567,121
2568,49182,-2568,118
2569,49182,-2569,107
2570,49140,-2570,119
2571,48993,-2571,118
2572,49182,-2572,119
2573,49182,-2573,117
2574,49182,-2574,120
2575,48993,-2575,119
2576,49182,-2576,109
2577,49119,-2577,120
2578,49182,-2578,121
2579,49119,-2579,120
2580,49161,-2580,116
2581,49161,-2581,123
2582,49392,-2582,128
2583,49392,-2583,128
2584,49119,-2584,109
2585,49182,-2585,122
2586,49182,-2586,121
2587,49329,-2587,118
2588,49182,-2588,131
2589,48998,-2589,116
2590,49277,-2590,122
2591,48993,-2591,118
2592,49182,-2592,124
2593,49182,-2593,118
2594,49182,-2594,117
2595,49203,-2595,117
2596,49434,-2596,111
2597,49392,-2597,127
2598,49182,-2598,117
2599,49182,-2599,114
2600,49182,-2600,125
2601,49182,-2601,121
2602,49203,-2602,121
2603,49371,-2603,118
2604,49192,-2604,111
2605,49182,-2605,117
2606,49014,-2606,116
2607,49266,-2607,116
2608,49224,-2608,119
2609,48972,-2609,138
2610,49035,-2610,120
2611,49191,-2611,122
2612,49182,-2612,121
2613,48615,-2613,120
2614,2869372,-2614,122
2615,49182,-2615,113
2616,49245,-2616,114
2617,49182,-2617,119
2618,49161,-2618,130
2619,49182,-2619,126
2620,49203,-2620,122
2621,49161,-2621,119
2622,49119,-2622,122
2623,49140,-2623,133
2624,49434,-2624,130
2625,49308,-2625,118
2626,49266,-2626,127
2627,49203,-2627,126
2628,49056,-2628,120
2629,49329,-2629,127
2630,49353,-2630,117
2631,49287,-2631,124
2632,49287,-2632,122
2633,49182,-2633,110
2634,49203,-2634,127
2635,49182,-2635,118
2636,49161,-2636,126
2637,49182,-2637,124
2638,49371,-2638,119
2639,49266,-2639,121
2640,49182,-2640,116
2641,49182,-2641,114
2642,49392,-2642,123
2643,49313,-2643,124
2644,49203,-2644,124
2645,49098,-2645,121
2646,49014,-2646,122
2647,49182,-2647,133
2648,49182,-2648,123
2649,49035,-2649,129
2650,49287,-2650,118
2651,49350,-2651,120
2652,49203,-2652,126
2653,49182,-2653,115
2654,49182,-2654,117
2655,49392,-2655,126
2656,49182,-2656,111
2657,49161,-2657,116
2658,49182,-2658,122
2659,49119,-2659,111
2660,49182,-2660,128
2661,49140,-2661,118
2662,49203,-2662,126
2663,49182,-2663,120
2664,49182,-2664,128
2665,49192,-2665,118
2666,49182,-2666,121
2667,49119,-2667,118
2668,49140,-2668,115
2669,49119,-2669,113
2670,49518,-2670,130
2671,49182,-2671,121
2672,49182,-2672,122
2673,49182,-2673,125
2674,49182,-2674,119
2675,49245,-2675,132
2676,49203,-2676,127
2677,49224,-2677,122
2678,49182,-2678,113
2679,49182,-2679,120
2680,49329,-2680,121
2681,49056,-2681,122
2682,49203,-2682,113
2683,49224,-2683,119
2684,49182,-2684,119
2685,49266,-2685,124
2686,49182,-2686,116
2687,49182,-2687,121
2688,49224,-2688,122
2689,49224,-2689,115
2690,49161,-2690,123
2691,49266,-2691,114
2692,49187,-2692,117
2693,49056,-2693,119
2694,49182,-2694,124
2695,49182,-2695,123
2696,49350,-2696,120
2697,49350,-2697,125
2698,49329,-2698,124
2699,49350,-2699,114
2700,49182,-2700,120
2701,49203,-2701,95
2702,49245,-2702,38
2703,49266,-2703,211
2704,49182,-2704,36
2705,49182,-2705,49
2706,42252,-2706,135
2707,49182,-2707,97
2708,49371,-2708,141
2709,49182,-2709,56
2710,49203,-2710,181
2711,49392,-2711,80
2712,49182,-2712,39
2713,49182,-2713,78
2714,49203,-2714,162
2715,49182,-2715,161
2716,49161,-2716,95
2717,56175,-2717,103
2718,49182,-2718,138
2719,49182,-2719,170
2720,49434,-2720,74
2721,49190,-2721,123
2722,49287,-2722,122
2723,49287,-2723,83
2724,49077,-2724,48
2725,49182,-2725,59
2726,49140,-2726,69
2727,49182,-2727,119
2728,49140,-2728,3
2729,48993,-2729,140
2730,49245,-2730,89
2731,49204,-2731,93
2732,49182,-2732,87
2733,49161,-2733,81
2734,49371,-2734,95
2735,49119,-2735,96
2736,48993,-2736,146
2737,49182,-2737,107
2738,49182,-2738,123
2739,49182,-2739,21
2740,49182,-2740,80
2741,49182,-2741,32
2742,49182,-2742,215
2743,49353,-2743,66
2744,49161,-2744,171
2745,48993,-2745,102
2746,49161,-2746,71
2747,49182,-2747,62
2748,49182,-2748,158
2749,49119,-2749,110
2750,49182,-2750,134
2751,21000000,-2751,68
2752,49182,-2752,97
2753,49182,-2753,19
2754,49182,-2754,40
2755,49035,-2755,55
2756,49161,-2756,195
2757,49203,-2757,123
2758,48998,-2758,91
2759,21000000,-2759,41
2760,49161,-2760,27
2761,42073,-2761,98
2762,49161,-2762,86
2763,49392,-2763,87
2764,49119,-2764,69
2765,49182,-2765,74
2766,49182,-2766,78
2767,49035,-2767,24
2768,48993,-2768,71
2769,49287,-2769,133
2770,49224,-2770,120
2771,49182,-2771,164
2772,49182,-2772,93
2773,49203,-2773,173
2774,49329,-2774,30
2775,49182,-2775,200
2776,49182,-2776,29
2777,48993,-2777,110
2778,49182,-2778,65
2779,49287,-2779,70
2780,49182,-2780,161
2781,35343,-2781,158
2782,21000000,-2782,4
2783,49161,-2783,102
2784,49266,-2784,112
2785,49182,-2785,107
2786,49182,-2786,234
2787,49182,-2787,59
2788,49182,-2788,34
2789,49056,-2789,48
2790,49056,-2790,79
2791,49182,-2791,65
2792,42252,-2792,164
2793,48291,-2793,25
2794,49182,-2794,38
2795,40535,-2795,71
2796,21000000,-2796,9
2797,49392,-2797,103
2798,48930,-2798,31
2799,49182,-2799,110
2800,49392,-2800,140
2801,49203,-2801,156
2802,49182,-2802,53
2803,48993,-2803,32
2804,21000000,-2804,16
2805,48993,-2805,77
2806,49161,-2806,95
2807,49182,-2807,81
2808,48993,-2808,71
2809,49182,-2809,112
2810,49119,-2810,39
2811,49182,-2811,148
2812,49287,-2812,91
2813,21000000,-2813,24
2814,49203,-2814,26
2815,48993,-2815,55
2816,49287,-2816,94
2817,49191,-2817,65
2818,49350,-2818,177
2819,49152,-2819,81
2820,49162,-2820,157
2821,42252,-2821,121
2822,49182,-2822,133
2823,49329,-2823,108
2824,32385,-2824,87
2825,42252,-2825,107
2826,49182,-2826,63
2827,35343,-2827,159
2828,21000000,-2828,9
2829,49203,-2829,93
2830,21000000,-2830,82
2831,49287,-2831,96
2832,48993,-2832,48
2833,49182,-2833,137
2834,49371,-2834,98
2835,49161,-2835,110
2836,49287,-2836,29
2837,49098,-2837,69
2838,42252,-2838,136
2839,49182,-2839,99
2840,49056,-2840,9
2841,49371,-2841,107
2842,49182,-2842,42
2843,49245,-2843,12
2844,42252,-2844,79
2845,49224,-2845,93
2846,35322,-2846,99
2847,49182,-2847,28
2848,49161,-2848,77
2849,49098,-2849,68
2850,48993,-2850,96
2851,49182,-2851,42
2852,49182,-2852,68
2853,49371,-2853,91
2854,49161,-2854,82
2855,49140,-2855,77
2856,49182,-2856,164
2857,49182,-2857,4
2858,49014,-2858,1
2859,49182,-2859,29
2860,49182,-2860,167
2861,49182,-2861,96
2862,21000000,-2862,84
2863,49182,-2863,43
2864,49182,-2864,25
2865,49287,-2865,150
2866,49056,-2866,52
2867,49254,-2867,152
2868,49203,-2868,147
2869,49266,-2869,79
2870,49182,-2870,84
2871,50883,-2871,35
2872,48993,-2872,203
2873,49182,-2873,27
2874,49182,-2874,194
2875,49191,-2875,127
2876,49161,-2876,77
2877,49182,-2877,83
2878,49182,-2878,117
2879,49371,-2879,95
2880,49612,-2880,40
2881,49371,-2881,59
2882,49161,-2882,60
2883,49161,-2883,81
2884,49182,-2884,208
2885,49056,-2885,125
2886,49161,-2886,36
2887,49182,-2887,125
2888,49035,-2888,79
2889,49182,-2889,1
2890,49287,-2890,122
2891,49308,-2891,114
2892,49119,-2892,25
2893,49161,-2893,93
2894,49182,-2894,93
2895,49392,-2895,153
2896,49119,-2896,92
2897,49350,-2897,64
2898,42252,-2898,158
2899,42357,-2899,167
2900,49182,-2900,29
2901,48993,-2901,38
2902,49182,-2902,163
2903,49035,-2903,54
2904,49161,-2904,74
2905,49203,-2905,40
2906,49182,-2906,162
2907,21000000,-2907,19
2908,49182,-2908,21
2909,49182,-2909,55
2910,49203,-2910,206
2911,49224,-2911,182
2912,47502,-2912,38
2913,49161,-2913,140
2914,49161,-2914,36
2915,49098,-2915,68
2916,49161,-2916,63
2917,21000000,-2917,65
2918,49224,-2918,146
2919,49182,-2919,151
2920,49119,-2920,90
2921,49182,-2921,90
2922,48993,-2922,44
2923,49182,-2923,81
2924,49371,-2924,141
2925,49203,-2925,32
2926,49182,-2926,10
2927,49182,-2927,172
2928,49203,-2928,69
2929,48972,-2929,147
2930,49077,-2930,87
2931,49182,-2931,126
2932,49119,-2932,103
2933,49161,-2933,104
2934,21000000,-2934,34
2935,49371,-2935,74
2936,49203,-2936,170
2937,49182,-2937,140
2938,49182,-2938,76
2939,49229,-2939,107
2940,49182,-2940,53
2941,49182,-2941,161
2942,49182,-2942,83
2943,49182,-2943,136
2944,49140,-2944,18
2945,49035,-2945,43
2946,42273,-2946,39
2947,21000000,-2947,26
2948,47502,-2948,72
2949,49266,-2949,167
2950,49192,-2950,65
2951,69972,-2951,66
2952,49182,-2952,135
2953,49119,-2953,41
2954,49182,-2954,125
2955,49203,-2955,115
2956,49245,-2956,58
2957,49182,-2957,147
2958,48993,-2958,99
2959,49308,-2959,31
2960,49266,-2960,107
2961,49434,-2961,63
2962,49098,-2962,16
2963,49245,-2963,153
2964,49203,-2964,93
2965,49329,-2965,120
2966,49014,-2966,43
2967,49161,-2967,90
2968,49350,-2968,51
2969,49161,-2969,99
2970,49014,-2970,63
2971,49182,-2971,26
2972,49119,-2972,115
2973,49119,-2973,12
2974,49056,-2974,81
2975,49182,-2975,151
2976,49161,-2976,40
2977,49329,-2977,159
2978,49182,-2978,136
2979,49214,-2979,47
2980,49182,-2980,71
2981,42252,-2981,141
2982,49182,-2982,51
2983,49182,-2983,136
2984,49203,-2984,101
2985,49287,-2985,105
2986,49182,-2986,33
2987,49329,-2987,85
2988,48615,-2988,158
2989,49014,-2989,29
2990,49035,-2990,128
2991,49182,-2991,66
2992,49197,-2992,43
2993,49182,-2993,31
2994,49182,-2994,76
2995,49182,-2995,169
2996,49182,-2996,49
2997,42252,-2997,129
2998,49182,-2998,79
2999,49182,-2999,174
3000,48993,-3000,17
3001,49203,-3001,117
3002,21000000,-3002,9
3003,49182,-3003,165
3004,42252,-3004,37
3005,49191,-3005,78
3006,49350,-3006,21
3007,49014,-3007,127
3008,49162,-3008,113
3009,48993,-3009,143
3010,49182,-3010,5
3011,48804,-3011,26
3012,49329,-3012,87
3013,49287,-3013,47
3014,49182,-3014,99
3015,49182,-3015,53
3016,49014,-3016,35
3017,49182,-3017,174
3018,49182,-3018,33
3019,49182,-3019,89
3020,49098,-3020,71
3021,49098,-3021,9
3022,49329,-3022,140
3023,49203,-3023,143
3024,21000000,-3024,15
3025,49035,-3025,152
3026,21000000,-3026,22
3027,49182,-3027,59
3028,49245,-3028,119
3029,35322,-3029,139
3030,49182,-3030,82
3031,49172,-3031,73
3032,49140,-3032,37
3033,49308,-3033,55
3034,49098,-3034,101
3035,49182,-3035,41
3036,49245,-3036,14
3037,49245,-3037,134
3038,49182,-3038,116
3039,49182,-3039,134
3040,49203,-3040,16
3041,49182,-3041,14
3042,49182,-3042,20
3043,49182,-3043,36
3044,49182,-3044,80
3045,49098,-3045,122
3046,49119,-3046,44
3047,49035,-3047,78
3048,49182,-3048,102
3049,49182,-3049,9
3050,49245,-3050,48
3051,50907,-3051,10
3052,49140,-3052,146
3053,49161,-3053,52
3054,49224,-3054,81
3055,49182,-3055,101
3056,49182,-3056,35
3057,49182,-3057,87
3058,49182,-3058,96
3059,49161,-3059,24
3060,49308,-3060,42
3061,21000000,-3061,3
3062,49182,-3062,187
3063,49182,-3063,181
3064,42273,-3064,44
3065,49035,-3065,73
3066,49119,-3066,96
3067,49182,-3067,41
3068,49161,-3068,184
3069,49182,-3069,135
3070,49182,-3070,72
3071,49182,-3071,86
3072,49203,-3072,159
3073,49161,-3073,64
3074,49182,-3074,104
3075,49371,-3075,200
3076,49119,-3076,35
3077,49161,-3077,162
3078,35322,-3078,53
3079,21000000,-3079,10
3080,48509,-3080,19
3081,42189,-3081,105
3082,49119,-3082,27
3083,49077,-3083,98
3084,49077,-3084,69
3085,49182,-3085,29
3086,42105,-3086,128
3087,49182,-3087,13
3088,49035,-3088,147
3089,49182,-3089,105
3090,42252,-3090,111
3091,49182,-3091,118
3092,35322,-3092,78
3093,48867,-3093,34
3094,49413,-3094,7
3095,48993,-3095,129
3096,49182,-3096,60
3097,49182,-3097,54
3098,49203,-3098,94
3099,49182,-3099,85
3100,49182,-3100,88
3101,49182,-3101,128
3102,49224,-3102,123
3103,49308,-3103,134
3104,49182,-3104,118
3105,49182,-3105,125
3106,49266,-3106,116
3107,49177,-3107,115
3108,49182,-3108,125
3109,49203,-3109,111
3110,49161,-3110,127
3111,49182,-3111,118
3112,49161,-3112,114
3113,49203,-3113,120
3114,49035,-3114,114
3115,49182,-3115,116
3116,49035,-3116,127
3117,49371,-3117,127
3118,49182,-3118,123
3119,49182,-3119,112
3120,49182,-3120,116
3121,49161,-3121,124
3122,49182,-3122,108
3123,49035,-3123,124
3124,49182,-3124,120
3125,49182,-3125,115
3126,49119,-3126,124
3127,49196,-3127,117
3128,49203,-3128,118
3129,49140,-3129,117
3130,49182,-3130,122
3131,49308,-3131,118
3132,49035,-3132,121
3133,49182,-3133,119
3134,48426,-3134,126
3135,49182,-3135,110
3136,49182,-3136,127
3137,49098,-3137,123
3138,49203,-3138,123
3139,49224,-3139,123
3140,49203,-3140,122
3141,49308,-3141,122
3142,49182,-3142,125
3143,49056,-3143,119
3144,49182,-3144,124
3145,49287,-3145,122
3146,49182,-3146,120
3147,49602,-3147,126
3148,49182,-3148,116
3149,49371,-3149,123
3150,49182,-3150,120
3151,49035,-3151,122
3152,49182,-3152,114
3153,49119,-3153,117
3154,49355,-3154,118
3155,49161,-3155,124
3156,49182,-3156,127
3157,49161,-3157,113
3158,49182,-3158,119
3159,49182,-3159,125
3160,49182,-3160,126
3161,49182,-3161,124
3162,49308,-3162,128
3163,49182,-3163,126
3164,42252,-3164,112
3165,49182,-3165,116
3166,49392,-3166,128
3167,49140,-3167,128
3168,49182,-3168,115
3169,49182,-3169,115
3170,49182,-3170,124
3171,49189,-3171,112
3172,48993,-3172,124
3173,49182,-3173,124
3174,49266,-3174,127
3175,49203,-3175,123
3176,49308,-3176,121
3177,49182,-3177,116
3178,49182,-3178,126
3179,49140,-3179,118
3180,42252,-3180,114
3181,49182,-3181,112
3182,49182,-3182,117
3183,49242,-3183,129
3184,49182,-3184,119
3185,49203,-3185,120
3186,49539,-3186,130
3187,49309,-3187,120
3188,49161,-3188,126
3189,49371,-3189,116
3190,49308,-3190,128
3191,55965,-3191,121
3192,49245,-3192,121
3193,49182,-3193,131
3194,48993,-3194,123
3195,49182,-3195,113
3196,49203,-3196,123
3197,42168,-3197,126
3198,49182,-3198,115
3199,49182,-3199,120
3200,49119,-3200,122
3201,49035,-3201,126
3202,49203,-3202,119
3203,49182,-3203,123
3204,49833,-3204,118
3205,49182,-3205,116
3206,49182,-3206,127
3207,49119,-3207,121
3208,49287,-3208,117
3209,49182,-3209,117
3210,49182,-3210,118
3211,49182,-3211,116
3212,49172,-3212,119
3213,49077,-3213,123
3214,49182,-3214,117
3215,49224,-3215,120
3216,49245,-3216,123
3217,49392,-3217,113
3218,49182,-3218,118
3219,49203,-3219,127
3220,49371,-3220,119
3221,49152,-3221,120
3222,50064,-3222,121
3223,49182,-3223,121
3224,49182,-3224,128
3225,49071,-3225,120
3226,49182,-3226,119
3227,49182,-3227,120
3228,49161,-3228,118
3229,49077,-3229,122
3230,49392,-3230,132
3231,49182,-3231,126
3232,49182,-3232,124
3233,49182,-3233,117
3234,49434,-3234,122
3235,49098,-3235,114
3236,49266,-3236,119
3237,48993,-3237,135
3238,49182,-3238,123
3239,49245,-3239,130
3240,49182,-3240,130
3241,49203,-3241,124
3242,49182,-3242,120
3243,49182,-3243,117
3244,49182,-3244,120
3245,49182,-3245,125
3246,50610,-3246,124
3247,49203,-3247,125
3248,49182,-3248,118
3249,49329,-3249,111
3250,49182,-3250,121
3251,49077,-3251,127
3252,49161,-3252,120
3253,49182,-3253,117
3254,48993,-3254,131
3255,49035,-3255,124
3256,49182,-3256,120
3257,49203,-3257,110
3258,49182,-3258,115
3259,49350,-3259,120
3260,49161,-3260,128
3261,49140,-3261,112
3262,49182,-3262,117
3263,49266,-3263,128
3264,49329,-3264,124
3265,49350,-3265,117
3266,49245,-3266,123
3267,49077,-3267,127
3268,49056,-3268,120
3269,49188,-3269,116
3270,49266,-3270,128
3271,49287,-3271,126
3272,49287,-3272,115
3273,49812,-3273,123
3274,49182,-3274,126
3275,48447,-3275,122
3276,49266,-3276,128
3277,49140,-3277,127
3278,49392,-3278,126
3279,49203,-3279,123
3280,49140,-3280,122
3281,49035,-3281,126
3282,49182,-3282,118
3283,49182,-3283,114
3284,49182,-3284,110
3285,49182,-3285,126
3286,49161,-3286,123
3287,49182,-3287,120
3288,42252,-3288,126
3289,49392,-3289,128
3290,49182,-3290,122
3291,49203,-3291,131
3292,49350,-3292,127
3293,49182,-3293,117
3294,49119,-3294,126
3295,49182,-3295,127
3296,49287,-3296,122
3297,49182,-3297,118
3298,49182,-3298,121
3299,48993,-3299,116
3300,49182,-3300,122
3301,49203,-3301,211
3302,49182,-3302,42
3303,49182,-3303,78
3304,49162,-3304,144
3305,49132,-3305,52
3306,49203,-3306,199
3307,50610,-3307,92
3308,49182,-3308,145
3309,41775,-3309,61
3310,49203,-3310,115
3311,42168,-3311,208
3312,49182,-3312,42
3313,47502,-3313,63
3314,49035,-3314,45
3315,49845,-3315,86
3316,49035,-3316,114
3317,21000000,-3317,27
3318,49182,-3318,217
3319,21000000,-3319,20
3320,42273,-3320,133
3321,49182,-3321,92
3322,49455,-3322,60
3323,49161,-3323,161
3324,49182,-3324,53
3325,50070,-3325,98
3326,42252,-3326,67
3327,49266,-3327,65
3328,49182,-3328,100
3329,49119,-3329,66
3330,49077,-3330,84
3331,180532,-3331,39
3332,49161,-3332,19
3333,49182,-3333,100
3334,48972,-3334,37
3335,49203,-3335,167
3336,48993,-3336,70
3337,49182,-3337,91
3338,49182,-3338,150
3339,48993,-3339,115
3340,48993,-3340,26
3341,42252,-3341,62
3342,49182,-3342,70
3343,21000000,-3343,22
3344,49182,-3344,105
3345,49119,-3345,95
3346,49203,-3346,48
3347,49182,-3347,81
3348,49190,-3348,156
3349,49392,-3349,94
3350,49035,-3350,159
3351,49182,-3351,95
3352,49182,-3352,77
3353,48993,-3353,141
3354,49203,-3354,107
3355,49182,-3355,167
3356,49245,-3356,8
3357,49161,-3357,91
3358,49182,-3358,164
3359,49098,-3359,173
3360,49182,-3360,99
3361,49161,-3361,121
3362,49203,-3362,95
3363,49203,-3363,19
3364,49182,-3364,33
3365,49203,-3365,118
3366,49308,-3366,138
3367,49056,-3367,166
3368,49182,-3368,70
3369,49161,-3369,203
3370,49203,-3370,40
3371,49161,-3371,59
3372,49182,-3372,131
3373,49203,-3373,169
3374,49350,-3374,12
3375,40535,-3375,91
3376,49161,-3376,106
3377,49434,-3377,126
3378,49182,-3378,6
3379,49224,-3379,83
3380,48972,-3380,72
3381,49203,-3381,87
3382,49182,-3382,138
3383,42273,-3383,127
3384,49098,-3384,27
3385,49182,-3385,12
3386,49182,-3386,11
3387,49182,-3387,24
3388,49056,-3388,62
3389,49182,-3389,79
3390,48993,-3390,49
3391,49056,-3391,125
3392,49189,-3392,156
3393,21000000,-3393,15
3394,49371,-3394,159
3395,49287,-3395,50
3396,49329,-3396,78
3397,49182,-3397,166
3398,21000000,-3398,33
3399,49287,-3399,143
3400,49161,-3400,13
3401,49182,-3401,213
3402,49190,-3402,37
3403,49392,-3403,86
3404,21000000,-3404,18
3405,49203,-3405,72
3406,49077,-3406,71
3407,49203,-3407,128
3408,49182,-3408,34
3409,49161,-3409,83
3410,49203,-3410,206
3411,49182,-3411,93
3412,42252,-3412,93
3413,49161,-3413,107
3414,42252,-3414,103
3415,49182,-3415,47
3416,49392,-3416,299
3417,49182,-3417,120
3418,49182,-3418,58
3419,49182,-3419,40
3420,49182,-3420,99
3421,49203,-3421,79
3422,49224,-3422,61
3423,48993,-3423,108
3424,49182,-3424,25
3425,21000000,-3425,21
3426,48993,-3426,9
3427,49035,-3427,76
3428,49212,-3428,180
3429,42231,-3429,21
3430,49182,-3430,75
3431,49266,-3431,53
3432,49161,-3432,189
3433,49182,-3433,144
3434,48993,-3434,105
3435,49119,-3435,40
3436,42252,-3436,109
3437,49172,-3437,97
3438,49119,-3438,62
3439,35343,-3439,168
3440,49287,-3440,109
3441,49189,-3441,249
3442,49371,-3442,27
3443,49182,-3443,68
3444,49203,-3444,67
3445,49182,-3445,123
3446,49182,-3446,43
3447,48993,-3447,13
3448,49190,-3448,160
3449,49182,-3449,46
3450,49203,-3450,82
3451,49182,-3451,111
3452,40535,-3452,87
3453,49371,-3453,62
3454,49182,-3454,178
3455,180117,-3455,135
3456,49392,-3456,43
3457,49182,-3457,119
3458,49182,-3458,112
3459,49182,-3459,74
3460,48930,-3460,130
3461,49182,-3461,76
3462,49056,-3462,51
3463,49189,-3463,323
3464,48027,-3464,41
3465,49182,-3465,62
3466,42273,-3466,54
3467,49161,-3467,171
3468,49182,-3468,39
3469,49119,-3469,90
3470,49266,-3470,12
3471,49182,-3471,29
3472,49182,-3472,179
3473,49182,-3473,126
3474,49287,-3474,6
3475,49035,-3475,96
3476,49140,-3476,95
3477,49056,-3477,21
3478,49189,-3478,105
3479,49182,-3479,157
3480,49035,-3480,93
3481,42252,-3481,67
3482,49203,-3482,36
3483,42252,-3483,99
3484,49350,-3484,99
3485,49182,-3485,31
3486,49182,-3486,161
3487,49203,-3487,18
3488,49182,-3488,124
3489,49266,-3489,97
3490,21000000,-3490,73
3491,49182,-3491,195
3492,21000000,-3492,25
3493,49014,-3493,65
3494,49098,-3494,78
3495,49182,-3495,193
3496,49266,-3496,45
3497,35353,-3497,72
3498,49182,-3498,94
3499,49161,-3499,63
3500,49203,-3500,159
3501,49182,-3501,67
3502,49161,-3502,73
3503,49266,-3503,114
3504,49182,-3504,129
3505,180544,-3505,118
3506,49035,-3506,69
3507,49161,-3507,145
3508,49161,-3508,43
3509,21000000,-3509,18
3510,49014,-3510,64
3511,49329,-3511,71
3512,49189,-3512,196
3513,340270,-3513,189
3514,35343,-3514,136
3515,49182,-3515,31
3516,49308,-3516,223
3517,49329,-3517,59
3518,49140,-3518,191
3519,49182,-3519,64
3520,49182,-3520,88
3521,49119,-3521,170
3522,49182,-3522,77
3523,49182,-3523,68
3524,49182,-3524,171
3525,49077,-3525,50
3526,49266,-3526,76
3527,49371,-3527,55
3528,49182,-3528,73
3529,49413,-3529,10
3530,49161,-3530,66
3531,54395,-3531,108
3532,49182,-3532,104
3533,49182,-3533,29
3534,49434,-3534,6
3535,21000000,-3535,3
3536,49182,-3536,156
3537,49329,-3537,162
3538,49182,-3538,33
3539,49161,-3539,38
3540,49371,-3540,42
3541,49245,-3541,66
3542,35322,-3542,134
3543,49203,-3543,57
3544,49371,-3544,101
3545,49182,-3545,138
3546,49161,-3546,87
3547,49182,-3547,48
3548,48993,-3548,34
3549,49308,-3549,111
3550,49182,-3550,74
3551,49224,-3551,110
3552,49182,-3552,70
3553,49119,-3553,30
3554,49077,-3554,32
3555,49245,-3555,60
3556,49182,-3556,33
3557,42252,-3557,97
3558,49114,-3558,68
3559,49371,-3559,131
3560,49182,-3560,40
3561,49161,-3561,62
3562,42273,-3562,46
3563,49119,-3563,84
3564,49182,-3564,111
3565,21000000,-3565,52
3566,49203,-3566,83
3567,49308,-3567,85
3568,49287,-3568,57
3569,49182,-3569,14
3570,49119,-3570,105
3571,49182,-3571,66
3572,49119,-3572,70
3573,49035,-3573,156
3574,49182,-3574,31
3575,49203,-3575,25
3576,49203,-3576,152
3577,49182,-3577,228
3578,49182,-3578,18
3579,49161,-3579,33
3580,48027,-3580,113
3581,21000000,-3581,32
3582,49119,-3582,63
3583,50064,-3583,10
3584,49308,-3584,271
3585,49119,-3585,160
3586,49182,-3586,32
3587,49161,-3587,21
3588,49161,-3588,21
3589,49182,-3589,107
3590,48993,-3590,14
3591,49170,-3591,178
3592,49190,-3592,151
3593,49161,-3593,70
3594,97692,-3594,32
3595,49167,-3595,30
3596,49182,-3596,49
3597,49182,-3597,62
3598,49056,-3598,74
3599,42252,-3599,158
3600,21000000,-3600,10
3601,48993,-3601,164
3602,49203,-3602,16
3603,21000000,-3603,15
3604,49224,-3604,70
3605,49182,-3605,72
3606,49182,-3606,166
3607,49182,-3607,152
3608,49161,-3608,35
3609,48426,-3609,95
3610,49035,-3610,123
3611,49035,-3611,52
3612,48993,-3612,33
3613,49119,-3613,37
3614,48972,-3614,70
3615,42273,-3615,107
3616,49056,-3616,45
3617,49182,-3617,107
3618,49056,-3618,34
3619,49139,-3619,144
3620,49182,-3620,23
3621,49182,-3621,44
3622,49182,-3622,106
3623,21000000,-3623,4
3624,49182,-3624,8
3625,49392,-3625,88
3626,49056,-3626,69
3627,49182,-3627,50
3628,49392,-3628,64
3629,49192,-3629,142
3630,49203,-3630,177
3631,49119,-3631,95
3632,49182,-3632,113
3633,49182,-3633,52
3634,48993,-3634,121
3635,49161,-3635,164
3636,49182,-3636,43
3637,49203,-3637,71
3638,49182,-3638,179
3639,49203,-3639,116
3640,42252,-3640,127
3641,42189,-3641,53
3642,49077,-3642,57
3643,49119,-3643,102
3644,35364,-3644,81
3645,49350,-3645,172
3646,49287,-3646,12
3647,48993,-3647,233
3648,49182,-3648,9
3649,49140,-3649,124
3650,21000000,-3650,35
3651,49182,-3651,67
3652,49266,-3652,112
3653,49161,-3653,82
3654,49182,-3654,21
3655,35322,-3655,46
3656,49182,-3656,180
3657,49035,-3657,78
3658,51846,-3658,45
3659,49182,-3659,27
3660,49014,-3660,27
3661,42105,-3661,113
3662,49182,-3662,81
3663,49182,-3663,59
3664,49182,-3664,133
3665,49182,-3665,62
3666,49182,-3666,79
3667,49182,-3667,115
3668,49224,-3668,21
3669,49182,-3669,137
3670,49161,-3670,102
3671,49056,-3671,64
3672,49182,-3672,112
3673,42252,-3673,138
3674,49098,-3674,129
3675,49161,-3675,83
3676,49119,-3676,213
3677,49161,-3677,140
3678,49287,-3678,17
3679,49098,-3679,88
3680,49119,-3680,41
3681,49287,-3681,108
3682,49194,-3682,21
3683,49308,-3683,16
3684,49077,-3684,35
3685,49371,-3685,43
3686,49161,-3686,69
3687,42252,-3687,121
3688,49182,-3688,8
3689,49182,-3689,116
3690,49182,-3690,127
3691,49161,-3691,95
3692,49182,-3692,23
3693,48993,-3693,56
3694,49182,-3694,64
3695,49329,-3695,59
3696,49182,-3696,26
3697,49182,-3697,107
3698,49308,-3698,120
3699,49182,-3699,111
3700,49119,-3700,52
3701,49182,-3701,123
3702,48993,-3702,127
3703,49182,-3703,116
3704,49182,-3704,115
3705,49182,-3705,125
3706,49182,-3706,121
3707,49182,-3707,120
3708,49182,-3708,116
3709,49329,-3709,128
3710,49098,-3710,127
3711,49035,-3711,119
3712,49077,-3712,123
3713,42252,-3713,118
3714,49182,-3714,115
3715,49350,-3715,117
3716,49182,-3716,110
3717,49119,-3717,118
3718,49119,-3718,130
3719,49182,-3719,119
3720,49098,-3720,120
3721,49224,-3721,119
3722,49014,-3722,121
3723,49140,-3723,117
3724,49182,-3724,126
3725,49182,-3725,129
3726,49182,-3726,110
3727,49308,-3727,124
3728,49308,-3728,126
3729,49203,-3729,119
3730,49182,-3730,128
3731,49182,-3731,116
3732,49140,-3732,127
3733,42252,-3733,113
3734,49182,-3734,126
3735,49035,-3735,115
3736,49077,-3736,117
3737,49077,-3737,116
3738,49182,-3738,116
3739,49140,-3739,130
3740,49266,-3740,122
3741,49182,-3741,126
3742,49119,-3742,113
3743,49182,-3743,121
3744,49182,-3744,123
3745,49182,-3745,119
3746,21000000,-3746,118
3747,49077,-3747,110
3748,49119,-3748,117
3749,49182,-3749,123
3750,49182,-3750,110
3751,49056,-3751,124
3752,49182,-3752,117
3753,49182,-3753,123
3754,49287,-3754,123
3755,49182,-3755,121
3756,49266,-3756,129
3757,49182,-3757,120
3758,49161,-3758,122
3759,49014,-3759,131
3760,49252,-3760,114
3761,49056,-3761,128
3762,49014,-3762,123
3763,49182,-3763,120
3764,49182,-3764,126
3765,49266,-3765,120
3766,49392,-3766,121
3767,49182,-3767,124
3768,49182,-3768,129
3769,49161,-3769,122
3770,49203,-3770,118
3771,49329,-3771,123
3772,49182,-3772,116
3773,49182,-3773,122
3774,49392,-3774,122
3775,49182,-3775,121
3776,49182,-3776,116
3777,49077,-3777,127
3778,49602,-3778,127
3779,49182,-3779,126
3780,49203,-3780,109
3781,49403,-3781,126
3782,49182,-3782,124
3783,49192,-3783,115
3784,49329,-3784,121
3785,49308,-3785,120
3786,49245,-3786,114
3787,49182,-3787,125
3788,49042,-3788,121
3789,49203,-3789,128
3790,49182,-3790,122
3791,49182,-3791,129
3792,49182,-3792,120
3793,49308,-3793,123
3794,49182,-3794,123
3795,49182,-3795,122
3796,49182,-3796,124
3797,49602,-3797,117
3798,48327,-3798,119
3799,49182,-3799,121
3800,49329,-3800,118
3801,49339,-3801,127
3802,49182,-3802,128
3803,49119,-3803,114
3804,49392,-3804,120
3805,49182,-3805,124
3806,49182,-3806,120
3807,49082,-3807,115
3808,42252,-3808,117
3809,49350,-3809,129
3810,49266,-3810,120
3811,48993,-3811,117
3812,49192,-3812,121
3813,49119,-3813,121
3814,49182,-3814,114
3815,49056,-3815,122
3816,48993,-3816,131
3817,49182,-3817,117
3818,49350,-3818,120
3819,49077,-3819,119
3820,49161,-3820,116
3821,49119,-3821,120
3822,49182,-3822,118
3823,49308,-3823,119
3824,49178,-3824,127
3825,49077,-3825,121
3826,49287,-3826,122
3827,49140,-3827,126
3828,49203,-3828,126
3829,49182,-3829,112
3830,49119,-3830,114
3831,49182,-3831,117
3832,49350,-3832,123
3833,49120,-3833,112
3834,49182,-3834,118
3835,49203,-3835,117
3836,49224,-3836,129
3837,49182,-3837,118
3838,49203,-3838,130
3839,49182,-3839,116
3840,49182,-3840,122
3841,49329,-3841,126
3842,49161,-3842,121
3843,49413,-3843,121
3844,49182,-3844,120
3845,49119,-3845,120
3846,49182,-3846,114
3847,49287,-3847,123
3848,48993,-3848,123
3849,49182,-3849,124
3850,49182,-3850,118
3851,49181,-3851,125
3852,49266,-3852,117
3853,49182,-3853,115
3854,49161,-3854,120
3855,49098,-3855,111
3856,49162,-3856,126
3857,49182,-3857,125
3858,49287,-3858,128
3859,49182,-3859,115
3860,49182,-3860,123
3861,49182,-3861,127
3862,49308,-3862,126
3863,49203,-3863,123
3864,42252,-3864,112
3865,49245,-3865,123
3866,49182,-3866,119
3867,49350,-3867,119
3868,49161,-3868,115
3869,48951,-3869,121
3870,49190,-3870,113
3871,49182,-3871,121
3872,49392,-3872,116
3873,49022,-3873,122
3874,49014,-3874,118
3875,49182,-3875,117
3876,49119,-3876,118
3877,49182,-3877,120
3878,49182,-3878,121
3879,49203,-3879,134
3880,49266,-3880,126
3881,49119,-3881,123
3882,49177,-3882,121
3883,49162,-3883,121
3884,49329,-3884,128
3885,49202,-3885,125
3886,49182,-3886,118
3887,35322,-3887,121
3888,49182,-3888,116
3889,49182,-3889,122
3890,49182,-3890,123
3891,49192,-3891,117
3892,49182,-3892,124
3893,49112,-3893,122
3894,49329,-3894,119
3895,49350,-3895,114
3896,49350,-3896,123
3897,48993,-3897,120
3898,49035,-3898,124
3899,49371,-3899,127
3900,49371,-3900,112
3901,42252,-3901,135
3902,49182,-3902,58
3903,49182,-3903,180
3904,49182,-3904,64
3905,49182,-3905,72
3906,49329,-3906,168
3907,49203,-3907,145
3908,49350,-3908,94
3909,42273,-3909,102
3910,49203,-3910,66
3911,49140,-3911,172
3912,49203,-3912,79
3913,49203,-3913,54
3914,49182,-3914,16
3915,49182,-3915,198
3916,49182,-3916,50
3917,49252,-3917,118
3918,49266,-3918,50
3919,49182,-3919,102
3920,49182,-3920,63
3921,49077,-3921,62
3922,49056,-3922,110
3923,49098,-3923,13
3924,49287,-3924,23
3925,48993,-3925,94
3926,49182,-3926,160
3927,49182,-3927,71
3928,49350,-3928,73
3929,49183,-3929,43
3930,49308,-3930,125
3931,49182,-3931,188
3932,49173,-3932,53
3933,49014,-3933,87
3934,49182,-3934,29
3935,35322,-3935,22
3936,49182,-3936,148
3937,49182,-3937,49
3938,49161,-3938,78
3939,49182,-3939,20
3940,49182,-3940,135
3941,49077,-3941,95
3942,49182,-3942,149
3943,42273,-3943,104
3944,49182,-3944,142
3945,49151,-3945,66
3946,49014,-3946,190
3947,49077,-3947,181
3948,42252,-3948,49
3949,49161,-3949,67
3950,48867,-3950,90
3951,49350,-3951,51
3952,49182,-3952,140
3953,49182,-3953,194
3954,49162,-3954,44
3955,42273,-3955,55
3956,49182,-3956,63
3957,49182,-3957,46
3958,49287,-3958,78
3959,49329,-3959,138
3960,48111,-3960,99
3961,49245,-3961,109
3962,49173,-3962,18
3963,48930,-3963,139
3964,49182,-3964,16
3965,48993,-3965,16
3966,49119,-3966,223
3967,49119,-3967,14
3968,49350,-3968,117
3969,49182,-3969,88
3970,49182,-3970,150
3971,49287,-3971,25
3972,21000000,-3972,3
3973,49182,-3973,64
3974,42273,-3974,159
3975,49182,-3975,73
3976,49077,-3976,159
3977,49098,-3977,36
3978,49602,-3978,212
3979,49308,-3979,28
3980,49266,-3980,224
3981,48993,-3981,78
3982,49140,-3982,137
3983,49182,-3983,113
3984,49202,-3984,35
3985,49182,-3985,78
3986,49182,-3986,49
3987,49098,-3987,112
3988,49203,-3988,76
3989,49308,-3989,81
3990,49119,-3990,137
3991,49119,-3991,88
3992,35343,-3992,155
3993,49182,-3993,87
3994,48993,-3994,79
3995,49182,-3995,143
3996,49329,-3996,93
3997,49182,-3997,151
3998,49182,-3998,92
3999,49182,-3999,92
4000,339435,-4000,100
4001,49182,-4001,67
4002,49266,-4002,114
4003,49308,-4003,101
4004,49161,-4004,138
4005,36666,-4005,26
4006,49182,-4006,49
4007,49203,-4007,128
4008,21000000,-4008,20
4009,49082,-4009,124
4010,49077,-4010,148
4011,49371,-4011,139
4012,49266,-4012,54
4013,49119,-4013,127
4014,181188,-4014,36
4015,49182,-4015,45
4016,49182,-4016,93
4017,21000000,-4017,66
4018,48867,-4018,141
4019,49329,-4019,49
4020,49182,-4020,118
4021,49602,-4021,171
4022,48993,-4022,160
4023,49224,-4023,128
4024,49182,-4024,56
4025,49182,-4025,125
4026,49065,-4026,67
4027,49182,-4027,79
4028,42252,-4028,50
4029,49140,-4029,161
4030,49182,-4030,94
4031,49266,-4031,48
4032,49350,-4032,74
4033,49182,-4033,49
4034,49182,-4034,112
4035,49167,-4035,80
4036,49371,-4036,6
4037,49203,-4037,41
4038,49266,-4038,121
4039,49182,-4039,83
4040,49056,-4040,11
4041,49182,-4041,183
4042,49182,-4042,71
4043,49140,-4043,94
4044,48993,-4044,41
4045,49161,-4045,146
4046,49329,-4046,46
4047,49287,-4047,65
4048,49192,-4048,142
4049,49182,-4049,60
4050,49182,-4050,121
4051,48972,-4051,121
4052,49182,-4052,27
4053,49287,-4053,67
4054,21000000,-4054,10
4055,49263,-4055,49
4056,42252,-4056,127
4057,49182,-4057,48
4058,42252,-4058,33
4059,49329,-4059,27
4060,42252,-4060,41
4061,49182,-4061,70
4062,49203,-4062,71
4063,49035,-4063,122
4064,49161,-4064,132
4065,49056,-4065,10
4066,49203,-4066,30
4067,48993,-4067,166
4068,49287,-4068,19
4069,49182,-4069,11